,created_utc,title,self_text,subreddit
0,2024-07-09 00:48:35,12 speed limit sign,,mildlyinteresting
1,2024-07-09 00:39:21,A shower mesh gasket before and after 5 years.,,mildlyinteresting
2,2024-07-09 00:27:02,Turned the TV on Amazon. Apparently The Chosen is taking the story in a new direction.,,mildlyinteresting
3,2024-07-09 00:24:15,Many face stickers on the wall in Japan,,mildlyinteresting
4,2024-07-09 00:19:33,These ceiling fan blades have winglets,,mildlyinteresting
5,2024-07-09 00:13:05,Found a garlic in my garlic.,,mildlyinteresting
6,2024-07-09 00:06:25,All my socks from Vans shrink to one of these three sizes,,mildlyinteresting
7,2024-07-08 23:57:09,Signage in restroom on rural Colorado Bus,,mildlyinteresting
8,2024-07-08 23:52:58,The mauled plating on my old tiny Craftsman needle nose pliers peeled off to reveal tool steel below,,mildlyinteresting
9,2024-07-08 23:50:54,The hotel I walked through had a Champagne vending machine.,,mildlyinteresting
10,2024-07-08 23:50:28,My pen is erect,,mildlyinteresting
11,2024-07-08 23:41:56,1.25L Refillable/Returnable Glass Soda Bottle,,mildlyinteresting
12,2024-07-08 23:39:57,So hot in my house my thermostat doesn't read a temperature anymore.,,mildlyinteresting
13,2024-07-08 23:39:10,It's was so hot out i started sweating!,,mildlyinteresting
14,2024-07-08 23:34:19,Found this while looking for mason jars,,mildlyinteresting
15,2024-07-08 23:33:57,"Car parking in Athens, Greece.",,mildlyinteresting
16,2024-07-08 23:29:08,He fits right in. (Ghibli Snoop),,mildlyinteresting
17,2024-07-08 23:27:29,Throwback to 2020 when my 5 year old came home with election information,,mildlyinteresting
18,2024-07-08 23:25:37,Grocery store near closing,,mildlyinteresting
19,2024-07-08 23:14:21,Fallout booklet from 1961,,mildlyinteresting
20,2024-07-08 23:06:46,I've milled a ring out of my left analog stick over nearly a decade of use (Bottom photo is right analog stick for comparison),,mildlyinteresting
21,2024-07-08 23:06:10,My pizza came out of the box with the pepperoni lined up evenly.,,mildlyinteresting
22,2024-07-08 23:01:05,This tree branch has completely grown around this doll’s leg,,mildlyinteresting
23,2024-07-08 22:56:55,100 Year Pass to County Fair,,mildlyinteresting
24,2024-07-08 22:56:22,How much plain sugar comes with my utensil pack,,mildlyinteresting
25,2024-07-08 22:54:24,Six door pickup,,mildlyinteresting
26,2024-07-08 22:50:13,This Twix didn’t get coated in chocolate,,mildlyinteresting
27,2024-07-08 22:35:39,This little plant growing on a scooter near my apartment.,,mildlyinteresting
28,2024-07-08 22:26:05,"Put whiskey and water in the freezer because I didn’t have ice and I forgot about it, this is how it froze",,mildlyinteresting
29,2024-07-08 22:23:53,Perfectly circle-shaped bumps on my sons foot,,mildlyinteresting
30,2024-07-08 22:21:14,The warning label on my shampoo... ,,mildlyinteresting
31,2024-07-08 22:15:27,Thought I found a piece of wood in my planter and it appears to be an animal jaw bone,,mildlyinteresting
32,2024-07-08 22:04:10,This spilt sauce that looks like a fish ,,mildlyinteresting
33,2024-07-08 22:02:26,Rockstars my friend bought without the right tabs,,mildlyinteresting
34,2024-07-08 21:53:51,Black spot just showed up on my fingernail (not a stripe),,mildlyinteresting
35,2024-07-08 21:50:36,This albino leopard slug I found in our garden (looked almost silver irl),,mildlyinteresting
36,2024-07-08 21:50:08,The license plate on this animal control vehicle,,mildlyinteresting
37,2024-07-08 21:29:38,Individual potatoes wrapped in plastic in Michigan,,mildlyinteresting
38,2024-07-08 21:10:12,This bathroom with very little privacy for poopers,,mildlyinteresting
39,2024-07-08 20:51:11,The prescription mouthwash I got from my ENT doctor has the chemical compounds pictured on the bottle.,,mildlyinteresting
40,2024-07-08 20:36:56,Cement Staircase is fully poured/assembled before its put in place,,mildlyinteresting
41,2024-07-08 20:26:33,This Spanish beach has showers for dogs,,mildlyinteresting
42,2024-07-08 20:21:12,Rewards points are only valid in a Dutch speaking country,,mildlyinteresting
43,2024-07-08 20:13:44,You can see the original ceiling peeking through years of paint and patchwork in my apartment in a historic building,,mildlyinteresting
44,2024-07-08 19:57:56,I found a seashell that looks like a pitcher.,,mildlyinteresting
45,2024-07-08 19:54:46,A parts diagram on this instruction manual included with a cup,,mildlyinteresting
46,2024-07-08 19:36:05,Seashell that looks like earbuds,,mildlyinteresting
47,2024-07-08 19:31:05,My laptop has a hidden useless magnet,,mildlyinteresting
48,2024-07-08 19:10:14,Chunky pigeon,,mildlyinteresting
49,2024-07-08 18:38:12,Same guitar pick but the left one is after one day using it,,mildlyinteresting
50,2024-07-08 18:37:40,"My VRBO has a toilet in the shower, along with a giant window to the bedroom",,mildlyinteresting
51,2024-07-08 18:22:39,Our Glass Table Spontaneously Shattered. Southern CT. ,,mildlyinteresting
52,2024-07-08 18:21:31,Shuttlecock got caught in a spider web,,mildlyinteresting
53,2024-07-08 18:16:25,Free Beach Wheelchair,,mildlyinteresting
54,2024-07-08 18:14:11,These pieces of wood I cut look like they have letters on them,,mildlyinteresting
55,2024-07-08 18:13:12,Unsealed bag of honey bunches of oats (didn’t have the seam down the middle),,mildlyinteresting
56,2024-07-08 17:57:06,I found a sausage vending machine on vacation in Germany ,,mildlyinteresting
57,2024-07-08 17:45:34,Made some shelves and the left over piece of wood was staring at me. ,,mildlyinteresting
58,2024-07-08 17:39:05,The key card of this hotel is made out of wood ,,mildlyinteresting
59,2024-07-08 17:35:09,"A small town I'm visiting built setup, and maintains a feral cat village. ",,mildlyinteresting
60,2024-07-08 17:33:52,This tree goblin was very surprised to see me and my girlfriend on a walk,,mildlyinteresting
61,2024-07-08 17:29:49,Tree stump with coins lodged inside,,mildlyinteresting
62,2024-07-08 17:18:44,My Coke can came without the straw hole.,,mildlyinteresting
63,2024-07-08 16:15:05,This tree that my dad cut down is growing back as a shrub,,mildlyinteresting
64,2024-07-08 16:06:37,Tree completely grew around this steel beam,,mildlyinteresting
65,2024-07-08 16:00:15,taco bell accidentally gave me 2 cups with my cheese sauce,,mildlyinteresting
66,2024-07-08 15:55:31,Seems like the fat is in the yellow cheese,,mildlyinteresting
67,2024-07-08 15:26:03,"This Zoo, (Not Cincinnati) has a exhibit in memorial of Harambe.",,mildlyinteresting
68,2024-07-08 15:04:18,One pringles came out folded,,mildlyinteresting
69,2024-07-08 15:03:07,A set of these builds has one less piece than the others,,mildlyinteresting
70,2024-07-08 14:57:25,My waffles melted while toasting,,mildlyinteresting
71,2024-07-08 14:53:42,Sunflower grew from bird feeder,,mildlyinteresting
72,2024-07-08 14:21:54,Apple tree still has flowers in bloom while in fruit season,,mildlyinteresting
73,2024-07-08 14:09:44,Looked up and saw a sloth-faced cloud yesterday,,mildlyinteresting
74,2024-07-08 13:55:25,Scent free zone for workers,,mildlyinteresting
75,2024-07-08 13:50:17,This German urinal allows you to enjoy a little soccer action with your pee,,mildlyinteresting
76,2024-07-08 13:34:20,This shape under my wife’s neck. Not an imprint. ,,mildlyinteresting
77,2024-07-08 13:30:59,Looks like their lawn is leaking into the driveway,,mildlyinteresting
78,2024-07-08 13:19:43,My kid cried a smiley face ,,mildlyinteresting
79,2024-07-08 13:18:50,Individual bananas wrapped in plastic in Vietnam,,mildlyinteresting
80,2024-07-08 12:52:26,"2 identical hats, but one was worn every day for a year",,mildlyinteresting
81,2024-07-08 12:27:05,"This old German bank note, the presses couldnt keep up with inflation so they wete stamping them. ",,mildlyinteresting
82,2024-07-08 10:58:30,3 redbull can cars next to each other,,mildlyinteresting
83,2024-07-08 10:16:54,This relatively large egg one of our chickens laid,,mildlyinteresting
84,2024-07-08 08:37:16,"Ulaanbaatar, Mongolia has lots of Toyota Prii",,mildlyinteresting
85,2024-07-08 08:10:09,This is taxi number one in my city,,mildlyinteresting
86,2024-07-08 08:09:08,Found a tiny Pool Ball wedged in a drain grate,,mildlyinteresting
87,2024-07-08 07:29:59,Cloud looks like a screaming cloud man with a mouth and eyes wide open,,mildlyinteresting
88,2024-07-08 07:27:38,Wetlands full of Duckweeds,,mildlyinteresting
89,2024-07-08 07:15:50,2 separate eggs from 2 separate farms borh had 2 yolks this morning,,mildlyinteresting
90,2024-07-08 06:16:24,This marble tile looks like Africa,,mildlyinteresting
91,2024-07-08 05:45:37,This sheet has a phone pocket,,mildlyinteresting
92,2024-07-08 05:32:21,Wasp started building nest on my glove that looks like a tree ,,mildlyinteresting
93,2024-07-08 04:52:45,This ketchup packet inflated,,mildlyinteresting
94,2024-07-08 04:26:19,The color difference when I refilled this grocery-store basil with basil from my garden,,mildlyinteresting
95,2024-07-08 04:03:35,Ink on label matches peppers,,mildlyinteresting
96,2024-07-08 03:56:48,The 'N' on the Sony logo on my tv fell off,,mildlyinteresting
97,2024-07-08 03:49:35,Someone wrote „send nudes bro“ in the showroom at IKEA,,mildlyinteresting
98,2024-07-08 03:38:06,Cats tail stays up in his sleep,,mildlyinteresting
99,2024-07-08 03:35:08,The dufference between .e and my boyfriends hands after a shower,,mildlyinteresting
100,2024-07-08 02:42:36,Found a 2003 Neopet card in used Star Wars book,,mildlyinteresting
101,2024-07-08 02:26:04,I found an unopened bottle of hair tonic in my basement,,mildlyinteresting
102,2024-07-08 02:15:10,My cigar ashtray turns 90 years old today.,,mildlyinteresting
103,2024-07-08 02:11:05,Cloud looks like a snail,,mildlyinteresting
104,2024-07-08 02:00:46,Old vs New KitKat wrapper,,mildlyinteresting
105,2024-07-08 01:16:55,An (accidentally) calico chocolate bar,,mildlyinteresting
106,2024-07-08 01:05:57,Jeep Wrangler with its windshield down,,mildlyinteresting
107,2024-07-08 01:03:58,My veins indent when I hold them above my head,,mildlyinteresting
108,2024-07-08 01:03:18,I stumbled across this neat toy train set at our local butterfly garden. ,,mildlyinteresting
109,2024-07-08 00:43:00,Mark left by my tea cup on my wooden table ,,mildlyinteresting
110,2024-07-07 23:44:53,Through the frost heave effect the ice was able to a lift palm sized rock off the ground,,mildlyinteresting
111,2024-07-07 23:40:17,A truck next to our towns cruise ship next to a Great Lakes cruise ship,,mildlyinteresting
112,2024-07-07 23:26:41,Slug using web to change elevation,,mildlyinteresting
113,2024-07-07 23:25:33,NatGeo book from 1998 has a Jason Segel doppelgänger,,mildlyinteresting
114,2024-07-07 23:18:13,Observed a mystery machine today in Virginia,,mildlyinteresting
115,2024-07-07 23:10:46,quad ice pillars in this tray,,mildlyinteresting
116,2024-07-07 22:41:12,Sign at a whitewater rafting tour,,mildlyinteresting
117,2024-07-07 22:38:21,My levitating red bull,,mildlyinteresting
118,2024-07-07 22:28:54,These ginger ales are different shades,,mildlyinteresting
119,2024-07-07 22:27:25,A single mouse trap caught two mice,,mildlyinteresting
120,2024-07-07 22:03:34,The bloated lithium battery broke appart my old laptop,,mildlyinteresting
121,2024-07-07 22:01:19,"Found this 1 1/2"" avocado at work today",,mildlyinteresting
122,2024-07-07 21:59:34,My vining houseplant grew with a loop.,,mildlyinteresting
123,2024-07-07 21:47:46,This book that got delivered to day was manufactured yesterday,,mildlyinteresting
124,2024-07-07 21:30:39,One of my chips is black,,mildlyinteresting
125,2024-07-07 21:25:34,Brand new deck of cards is mis-printed ,,mildlyinteresting
126,2024-07-07 21:21:12,Watch band my grandfather made from a downed Japanese Zero in WWII.,,mildlyinteresting
127,2024-07-07 21:09:36,Distribution of sea glass by color,,mildlyinteresting
128,2024-07-07 20:59:00,This puddle looks like a giant boot print. ,,mildlyinteresting
129,2024-07-07 20:54:51,This Indian food stand uses an old Quiznos neon order sign,,mildlyinteresting
130,2024-07-07 20:52:07,The lights at my mom’s house look like the ice crystals in Superman’s Fortress of Solitude.,,mildlyinteresting
131,2024-07-07 20:50:25,Small alcoholic beverages are sold in hanging boxes in France ,,mildlyinteresting
132,2024-07-07 20:48:45,Found Mickey Mouse hanged inside a vending machine at the mall.,,mildlyinteresting
133,2024-07-07 20:44:54,I got a single macaroni in my egg noodles,,mildlyinteresting
134,2024-07-07 20:43:53,This extremely burnt forest I came across in Yosemite.,,mildlyinteresting
135,2024-07-07 20:40:20,This plant has ripped my cable out from the wall,,mildlyinteresting
136,2024-07-07 20:23:14,My bottle of ocean spray doesn’t expire    ,,mildlyinteresting
137,2024-07-07 20:16:50,Weeds grew on the driveway where the eavestrough is pointing,,mildlyinteresting
138,2024-07-07 20:13:03,One of my thumb nails grows with ripples on it,,mildlyinteresting
139,2024-07-07 20:05:33,Albino turkey spotted,,mildlyinteresting
140,2024-07-07 19:54:45,I can bend both of my feet almost nearly backwards,,mildlyinteresting
141,2024-07-07 19:42:11,Egg nested in broken shell of another egg,,mildlyinteresting
142,2024-07-07 19:29:43,Round part of Cholula bottle cap came unglued while opening,,mildlyinteresting
143,2024-07-07 19:25:56,Found some pressed leaves I stuck in a book,,mildlyinteresting
144,2024-07-07 19:22:07,The boot corner ,,mildlyinteresting
145,2024-07-07 19:16:40,Cool beetle that was on my car windshield ,,mildlyinteresting
146,2024-07-07 19:04:50,Numbers printed on Organic Produce,,mildlyinteresting
147,2024-07-07 18:40:23,This tiny piece of dirt that looks a bit like a parrot,,mildlyinteresting
148,2024-07-07 18:32:34,One egg with a double yolk surprise,,mildlyinteresting
149,2024-07-07 18:24:21,Same mouthwash but one became clear after a couple days.,,mildlyinteresting
150,2024-07-07 18:23:08,A spider got stuck inside my window AC unit temp display,,mildlyinteresting
151,2024-07-07 18:14:21,These clouds,,mildlyinteresting
152,2024-07-07 18:09:43,I saw a four leaf clover for the first time today.,,mildlyinteresting
153,2024-07-07 18:07:32,Neighbor mowed heart shapes into their lawn on Father's Day,,mildlyinteresting
154,2024-07-07 17:59:29,This strange cloud I saw tonight,,mildlyinteresting
155,2024-07-07 17:58:41,Ziploc bag container grew and has less bags,,mildlyinteresting
156,2024-07-07 17:56:47,I cracked two eggs this morning and got two double yolks,,mildlyinteresting
157,2024-07-07 17:47:11,Found ginger roots that looked like Donald and Goofy years ago,,mildlyinteresting
158,2024-07-07 17:45:54,This bathroom has double toilets,,mildlyinteresting
159,2024-07-07 17:43:49,Tip jar to keep a baby from a life of crime,,mildlyinteresting
160,2024-07-07 17:40:57,Thrift Shop Sells Used Notebook,,mildlyinteresting
161,2024-07-07 17:38:27,I can bend my foot 180 degrees,,mildlyinteresting
162,2024-07-07 17:35:29,There are specific red flag areas for urinating while on the Tacoma-Rainier Mountain climb.,,mildlyinteresting
163,2024-07-07 17:33:05,There are extra words in this cereal box word search,,mildlyinteresting
164,2024-07-07 17:25:25,7 out of 8 eggs I cracked open this morning were double yolkers ,,mildlyinteresting
165,2024-07-07 17:14:55,Restaurant I went to used their negative reviews as wall art in the bathroom,,mildlyinteresting
166,2024-07-07 17:09:41,The label on this bottle is printed upside down,,mildlyinteresting
167,2024-07-07 17:04:19,Found a bunch of vietcong awards at a secondhand shop for 20€,,mildlyinteresting
168,2024-07-07 16:59:37,Painted turtle has numbers on it for some reason. ,,mildlyinteresting
169,2024-07-07 16:48:08,This watermelon piece kinda looks like raw meat,,mildlyinteresting
170,2024-07-07 16:47:42,A 7 leaf clover I found,,mildlyinteresting
171,2024-07-07 16:37:12,our hotel keycard was made of real wood,,mildlyinteresting
172,2024-07-07 16:35:56,L stick that I found,,mildlyinteresting
173,2024-07-07 16:34:51,The estimated fuel range is the same value as the outside temperature reading in my car.,,mildlyinteresting
174,2024-07-07 16:20:17,This popcorn that puts its allergen information in quotations ,,mildlyinteresting
175,2024-07-07 16:17:42,Misprinted cigarette,,mildlyinteresting
176,2024-07-07 16:16:34,Previous seperated tenants abandoned magnets ,,mildlyinteresting
177,2024-07-07 16:07:23,Water meter covers….,,mildlyinteresting
178,2024-07-07 16:00:38,Control Your Heat Salsa,,mildlyinteresting
179,2024-07-07 15:39:42,4 leaf clover,,mildlyinteresting
180,2024-07-07 15:28:00,One legged pigeon,,mildlyinteresting
181,2024-07-07 15:27:30,One of my eggs were wrinkly this morning,,mildlyinteresting
182,2024-07-07 15:23:12,A bunch of new Interstate signs were parked in my gym's parking lot overnight.,,mildlyinteresting
183,2024-07-07 15:16:53,"The slightly higher asking price of the smaller chocolate, with a lot less powder inside",,mildlyinteresting
184,2024-07-07 15:14:35,World Trade Center socks that are size 9-11,,mildlyinteresting
185,2024-07-07 14:55:57,One of my ice cubes sunk…,,mildlyinteresting
186,2024-07-07 14:44:15,Kiwi looks like an eye,,mildlyinteresting
187,2024-07-07 14:43:46,This stick that fell perfectly on this power line.,,mildlyinteresting
188,2024-07-07 14:18:14,Two of my finggernails have identical divots in almost the same spot,,mildlyinteresting
189,2024-07-07 14:16:36,There are tiny bugs in this wooden candle holder that create little piles of sawdust after a couple of days,,mildlyinteresting
190,2024-07-07 14:14:52,I have a single long hair on my thumb,,mildlyinteresting
191,2024-07-07 13:53:23,My girlfriend has stubbed thumb nails,,mildlyinteresting
192,2024-07-07 13:37:23,The layer of dust on this chair makes it look like a computer render,,mildlyinteresting
193,2024-07-07 13:05:42,Bench shadows look like building shadows in this watercolor print,,mildlyinteresting
194,2024-07-07 13:03:44,Boeing 787 has a button for window tint instead of a shade,,mildlyinteresting
195,2024-07-07 12:50:30,Fountain of Freedom and Lenticular Lens,,mildlyinteresting
196,2024-07-07 12:41:39,A snippet from a 1924 English fashion catalogue ,,mildlyinteresting
197,2024-07-07 12:35:26,I made a nice imprint of the mosquito I killed with my blood,,mildlyinteresting
198,2024-07-07 12:22:46,Only some of the squares have yellowed on my 90’s Bart Simpson puzzle,,mildlyinteresting
199,2024-07-07 12:08:14,1930’s UK house deed,,mildlyinteresting
200,2024-07-07 11:58:58,The way this ice cube froze,,mildlyinteresting
201,2024-07-07 11:27:18,Identical product with a different Nutri-score,,mildlyinteresting
202,2024-07-07 10:54:52,This greeting card for starting college uses the wrong “you’re”,,mildlyinteresting
203,2024-07-07 10:52:43,Splashed water looks like a guy,,mildlyinteresting
204,2024-07-07 10:35:45,Blu-Ray advertising flyer from 2008,,mildlyinteresting
205,2024-07-07 10:21:01,"Black seagull was spotted today in Varna, Bulgaria",,mildlyinteresting
206,2024-07-07 10:17:45,Bible from 1900 if not older that I found in my grandpa’s closet(Sweden),,mildlyinteresting
207,2024-07-07 10:15:01,This grape I just found,,mildlyinteresting
208,2024-07-07 10:00:23,Korean playground has a vacuum cleaner station to remove sand from your feet,,mildlyinteresting
209,2024-07-07 09:22:22,My morning glory has three different types of leaves ,,mildlyinteresting
210,2024-07-07 09:15:33,A vehicle gate that lets pedestrians through,,mildlyinteresting
211,2024-07-07 09:01:57,My eggboiler needs less water for more eggs,,mildlyinteresting
212,2024-07-07 08:24:59,I found a disc of ice inside my freezer,,mildlyinteresting
213,2024-07-07 07:46:23,The size difference of a narrow body and wide body plane.,,mildlyinteresting
214,2024-07-07 07:29:14,This hunting cabins made in 1885,,mildlyinteresting
215,2024-07-07 05:24:10,My current weight(in kilograms),,mildlyinteresting
216,2024-07-07 05:18:52,"hair that grew while i was sick grew in blonde, then went back to black once i recovered",,mildlyinteresting
217,2024-07-07 05:10:54,The shower head in our Airbnb in Vietnam has a clear water water filter build into it.,,mildlyinteresting
218,2024-07-07 05:09:16,My drink came with a mini portrait of Willy Nelson,,mildlyinteresting
219,2024-07-07 05:00:09,Office Dundie Award Candy,,mildlyinteresting
220,2024-07-07 04:55:30,Don’t block the box (Philadelphia),,mildlyinteresting
221,2024-07-07 04:24:16,Fence cutout for cat entrance,,mildlyinteresting
222,2024-07-07 04:18:11,My toilet paper only has cuts every two squares,,mildlyinteresting
223,2024-07-07 03:04:18,This avocado is all pit,,mildlyinteresting
224,2024-07-07 02:40:26,A Natural Cherry Tomato From My Homemade Garden,,mildlyinteresting
225,2024-07-07 02:37:29,This pepper scale tells you how spicy a pepper is before you buy,,mildlyinteresting
226,2024-07-07 02:32:46,"Just a park named ""A Park""",,mildlyinteresting
227,2024-07-07 02:32:39,"An elevator with incorrect ""close"" symbols.",,mildlyinteresting
228,2024-07-07 02:18:54,"This container of cookie dough has instructions to bake at high altitude, but they are the same as the normal instructions",,mildlyinteresting
229,2024-07-07 02:03:18,"Order 4 piece McNugget, got a box of Big Mac sauce",,mildlyinteresting
230,2024-07-07 02:01:32,Multi-grain medley wasn't multi...,,mildlyinteresting
231,2024-07-07 01:38:31,This cloud looks like a sideways ‘OK’ hand,,mildlyinteresting
232,2024-07-07 01:35:59,Lost in translation. Hand held Loofa.,,mildlyinteresting
233,2024-07-07 01:14:23,The Minor Differences Between an American and a Canadian Box of the Same Cereal,,mildlyinteresting
234,2024-07-07 01:13:19,"Elevators in China skip the numbers 4, 13, 14, 24…",,mildlyinteresting
235,2024-07-07 01:10:11,California-shaped cracker,,mildlyinteresting
236,2024-07-07 01:03:29,This fence is covered in a cascade of flowers,,mildlyinteresting
237,2024-07-07 00:56:43,My cats eyes before a Uveitis flair up,,mildlyinteresting
238,2024-07-07 00:53:26,Two brand new cars with almost identical plates,,mildlyinteresting
239,2024-07-07 00:52:43,Ordered a used book off eBay and it came signed by the author,,mildlyinteresting
240,2024-07-07 00:42:28,The way my butter melted in the microwave,,mildlyinteresting
241,2024-07-07 00:41:59,pills from work match my nails!,,mildlyinteresting
242,2024-07-07 00:26:17,A gun looking stick my friend found,,mildlyinteresting
243,2024-07-07 00:15:21,My Chipotle mobile order came with a mini Tabasco sauce,,mildlyinteresting
244,2024-07-07 00:14:43,Diamonds are branded into my Amazon biker shorts,,mildlyinteresting
245,2024-07-07 00:14:34,Double rainbow outside my job,,mildlyinteresting
246,2024-07-07 00:14:15,This pedestrian crossing sign to celebrate UEFA EURO 24,,mildlyinteresting
247,2024-07-07 00:09:43,The ambulance I work in is the James Bond 007 edition.,,mildlyinteresting
248,2024-07-06 23:38:37,the salt and pepper holder my mother still uses has a swastika on the underside,,mildlyinteresting
249,2024-07-06 23:12:43,Air holes for propane tank exchange are shaped like propane tanks. ,,mildlyinteresting
250,2024-07-06 23:03:30,Found an empty bug on a holly tree.,,mildlyinteresting
251,2024-07-06 22:52:55,This cheese stuck to tinfoil looks like little Cordyceps mushrooms,,mildlyinteresting
252,2024-07-06 22:43:04,Local grocery store sells beekeeper suits,,mildlyinteresting
253,2024-07-06 22:33:19,I spilled superglue on my nails yesterday and now my nail polish won’t come off,,mildlyinteresting
254,2024-07-06 22:24:49,This measuring bar at the Calgary Stampede skips the 80-inch mark,,mildlyinteresting
255,2024-07-06 22:18:17,My silica packet is tea,,mildlyinteresting
256,2024-07-06 22:17:48,My KitKat was missing the wafer center,,mildlyinteresting
257,2024-07-06 22:14:22,My case of Dr Pepper has two different colored cans inside,,mildlyinteresting
258,2024-07-06 21:55:50,Stop sign in North Vancouver in both English and Squamish (Sḵwx̱wúʔmesh sníchim),,mildlyinteresting
259,2024-07-06 21:55:09,Local firehouse looks like a…house,,mildlyinteresting
260,2024-07-06 21:50:48,My club bar was missing a bit of the chocolate,,mildlyinteresting
261,2024-07-06 21:36:09,My arm has one extra long hair that is always there,,mildlyinteresting
262,2024-07-06 21:30:59,Just got these shorts and the tag is translucent,,mildlyinteresting
263,2024-07-06 21:29:44,CVS not allowed to sell any consumables today,,mildlyinteresting
264,2024-07-06 21:18:26,A bird has laid some eggs in my car,,mildlyinteresting
265,2024-07-06 21:16:29,This carrot has a forked core (the other end looks normal),,mildlyinteresting
266,2024-07-06 20:56:06,The amount of invasive Japanese beetles I caught over 8 hours ,,mildlyinteresting
267,2024-07-06 20:48:37,Star Wars characters carved into the tips of crayons,,mildlyinteresting
268,2024-07-06 20:25:14,I found an albino plant! ,,mildlyinteresting
269,2024-07-06 20:14:29,This bruise under my nail vaguely resembles the state of Texas,,mildlyinteresting
270,2024-07-06 20:11:31,The hotel im staying at has a black hole in it,,mildlyinteresting
271,2024-07-06 20:06:19,A supernumerary rainbow,,mildlyinteresting
272,2024-07-06 20:05:15,"The plane I'm boarding is the 1,000th Boeing 737 Southwest Airlines purchased",,mildlyinteresting
273,2024-07-06 19:35:51,Copper crayon from a 1990 box of Crayolas that has apparently oxidized,,mildlyinteresting
274,2024-07-06 19:28:49,i found popcorn that looks like a penis,,mildlyinteresting
275,2024-07-06 19:26:47,"My batch of bananas had a conjoined pair, but itself had only one stem",,mildlyinteresting
276,2024-07-06 19:22:31,This spray bottle of bleach fell over; the bleach ate through the seam of the cap but nothing else.,,mildlyinteresting
277,2024-07-06 19:14:42,My Hotdog Bag comes with “about 35 beef franks”. We ended up having 36!,,mildlyinteresting
278,2024-07-06 18:54:41,The intensity of the colors in this rainbow,,mildlyinteresting
279,2024-07-06 18:53:44,Melted Toblerone is more Mount Saint Helens than Matterhorn now ,,mildlyinteresting
280,2024-07-06 18:52:49,Clouds on a drive looked like satin sheets ,,mildlyinteresting
281,2024-07-06 18:39:08,How to Cook an Elephant (mid 70’s local church cookbook),,mildlyinteresting
282,2024-07-06 18:35:44,Last page in my notebook was punched wrong,,mildlyinteresting
283,2024-07-06 18:25:42,watching a fireworks show while also watching a fire caused by illegal fireworks burn a house down,,mildlyinteresting
284,2024-07-06 18:25:37,This stump healed over completely after being cut,,mildlyinteresting
285,2024-07-06 18:22:33,Can got so hot in my car the lid peeled off,,mildlyinteresting
286,2024-07-06 18:17:43,The glitter in the glitter glue settled at the bottom,,mildlyinteresting
287,2024-07-06 18:01:29,The inner va outer doorknobs of my bathroom door,,mildlyinteresting
288,2024-07-06 17:59:52,I swam so much that my hair started to turn blond,,mildlyinteresting
289,2024-07-06 17:59:07,2024 labor law poster correctly shows 2009 minimum wage of $7.25,,mildlyinteresting
290,2024-07-06 17:52:02,"This restaurant’s menu shows prices by spelling them, not with numbers",,mildlyinteresting
291,2024-07-06 17:41:03,Hose sprayer uses stainless screw only where it's visible ,,mildlyinteresting
292,2024-07-06 17:36:33,Found a 100 year anniversary edition Dum Dum,,mildlyinteresting
293,2024-07-06 17:26:19,My hotdog bun got date stamped,,mildlyinteresting
294,2024-07-06 17:08:56,Flat rainbow.,,mildlyinteresting
295,2024-07-06 17:00:26,Saw this tree growing through a chain link fence on my walk,,mildlyinteresting
296,2024-07-06 16:58:58,Overnight Shoyu creates those tiny crystals ,,mildlyinteresting
297,2024-07-06 16:48:28,A lighthouse lens from the 1700s [OC],,mildlyinteresting
298,2024-07-06 16:47:32,The way the water pattern is on the bottom of my cast iron pan,,mildlyinteresting
299,2024-07-06 16:19:25,Spider Web with Unique Repair Stitching,,mildlyinteresting
300,2024-07-06 16:18:51,4y old madscience vial with charcoal and salt,,mildlyinteresting
301,2024-07-06 16:18:46,The fence in my back yard has been eaten by a tree,,mildlyinteresting
302,2024-07-06 16:18:00,This Leotard I found in a thrift store covered in QR-Codes,,mildlyinteresting
303,2024-07-06 16:09:50,"The woods across my house have wild grapes, blackberries, and honeysuckle",,mildlyinteresting
304,2024-07-06 16:01:25,Under my coffee table uses mismatched scrap pieces for the drawer supports,,mildlyinteresting
305,2024-07-06 15:36:37,Wayne Gretzky baseball trophy,,mildlyinteresting
306,2024-07-06 15:10:57,Playground puddle shaped like a dog,,mildlyinteresting
307,2024-07-06 15:05:43,This path for whatever reason has a swimming sign on it,,mildlyinteresting
308,2024-07-06 15:05:06,Found a sad man in the clouds,,mildlyinteresting
309,2024-07-06 14:53:20,Sweat stain looks like Batman symbol,,mildlyinteresting
310,2024-07-06 14:34:42,my watermelon has a swirl inside,,mildlyinteresting
311,2024-07-06 14:21:00,This diner offers a bowl of candy as a side.,,mildlyinteresting
312,2024-07-06 14:03:27,This plant started to grow through my mom's bedroom window,,mildlyinteresting
313,2024-07-06 14:00:23,Our cat's baby canine vs her permanent canine tooth,,mildlyinteresting
314,2024-07-06 13:57:33,My hula hoops were printed wrong ,,mildlyinteresting
315,2024-07-06 13:47:58,The bulldog on a Mack firetruck wears a little firehat,,mildlyinteresting
316,2024-07-06 13:38:45,My dog is Polidactyl,,mildlyinteresting
317,2024-07-06 13:34:38,My old black jeans after 3 years of daily use vs. The same jeans brand new,,mildlyinteresting
318,2024-07-06 13:31:00,I got a candy piece that was all red in my bag of crushed candy cane.,,mildlyinteresting
319,2024-07-06 13:08:00,Doorhandle of a shooting range in Kosovo,,mildlyinteresting
320,2024-07-06 12:52:15,Ants covered my homemade bait with rocks overnight,,mildlyinteresting
321,2024-07-06 12:41:57,there’s a family of skunks living in my neighbor’s hvac unit,,mildlyinteresting
322,2024-07-06 12:16:29,Pretzel wasn't cut through,,mildlyinteresting
323,2024-07-06 11:19:03,Found a caterpillar that looks like a leaf ,,mildlyinteresting
324,2024-07-06 11:13:44,My township has green firetrucks,,mildlyinteresting
325,2024-07-06 11:08:31,An old photo of my brother attempting to show my dad a meme (2017),,mildlyinteresting
326,2024-07-06 10:36:20,Dead wasp in my mug,,mildlyinteresting
327,2024-07-06 10:36:08,This stapler that looks like a sperm whale,,mildlyinteresting
328,2024-07-06 10:25:36,Cut-outs for candles found behind the plaster in our 1400’s house.,,mildlyinteresting
329,2024-07-06 09:35:11,Mudskipper on my backyard ,,mildlyinteresting
330,2024-07-06 07:14:29,The bottom of this swiss water bottle is shaped like the Matterhorn mountain,,mildlyinteresting
331,2024-07-06 06:50:37,This pizza cutter’s serial code says pizza,,mildlyinteresting
332,2024-07-06 06:42:59,3 yr old tajin(Left)vs new tajin(right),,mildlyinteresting
333,2024-07-06 06:11:29,These model car prices from the 60s,,mildlyinteresting
334,2024-07-06 06:08:15,Photo with 3D effect,,mildlyinteresting
335,2024-07-06 05:44:35,My new tube of toothpaste tells you to brush your teeth.,,mildlyinteresting
336,2024-07-06 04:54:44,Samsung makes cheese,,mildlyinteresting
337,2024-07-06 04:42:40,I have an extra interphalangeal crease on my ring finger,,mildlyinteresting
338,2024-07-06 03:59:36,This scrabble welcome mat,,mildlyinteresting
339,2024-07-06 03:57:43,My copy of Lord of the Flies glows under a blacklight. ,,mildlyinteresting
340,2024-07-06 03:36:58,The watermarks on my counter look like a face,,mildlyinteresting
341,2024-07-06 03:32:03,Squeaky toy to replace service bell.,,mildlyinteresting
342,2024-07-06 03:31:32,Store uses whole paper towel rolls for spills.,,mildlyinteresting
343,2024-07-06 03:11:00,"Saw a mammoth dig today in Waco, Tx",,mildlyinteresting
344,2024-07-06 03:06:03,"The number of times these signs say ""bus""",,mildlyinteresting
345,2024-07-06 03:00:03,This photo I took of my eye,,mildlyinteresting
346,2024-07-06 02:56:06,This intersection has a U-turn specific traffic light,,mildlyinteresting
347,2024-07-06 02:34:58,My grandma owns a WhatsApp pillow ,,mildlyinteresting
348,2024-07-06 02:28:30,This tree has a gradient,,mildlyinteresting
349,2024-07-06 02:26:44,Lemon from my lemon tree,,mildlyinteresting
350,2024-07-06 02:25:17,Condensation filled my empty coffee cup except where they wrote my order in sharpie. ,,mildlyinteresting
351,2024-07-06 02:06:20,One flower isn’t drying out,,mildlyinteresting
352,2024-07-06 01:26:25,This old computer I found in my attic claims it will never be obsolete,,mildlyinteresting
353,2024-07-06 00:56:17,mildly interestingly shaped cheeto,,mildlyinteresting
354,2024-07-06 00:53:48,Interior view of a nuclear cooling tower,,mildlyinteresting
355,2024-07-06 00:29:39,My cat and I have matching freckles,,mildlyinteresting
356,2024-07-06 00:07:44,The napkins from my Wendy's meal were from McDonald's. ,,mildlyinteresting
357,2024-07-06 00:04:46,This local shop near me and their working hours,,mildlyinteresting
358,2024-07-06 00:04:13,My local Safeway puts things on the clearance rack with only a 2 cent discount.,,mildlyinteresting
359,2024-07-06 00:00:03,Plane did a U turn in the sky,,mildlyinteresting
360,2024-07-05 23:31:58,My ticket at the doctor had a puzzle for me to do while I wait,,mildlyinteresting
361,2024-07-05 23:31:49,My Airbnb was right next to the house from Jersey shore,,mildlyinteresting
362,2024-07-05 23:31:35,Yolk fell out and didn't break ,,mildlyinteresting
363,2024-07-05 23:09:13,This is an actual 13 mph sign,,mildlyinteresting
364,2024-07-05 23:08:21,My neighbor carved his dead tree into a totem pole.,,mildlyinteresting
365,2024-07-05 22:46:30,Aldi sold me a 3 tomato pack with a 2-tomato tray inside.,,mildlyinteresting
366,2024-07-05 22:33:12,This is a vitamin ,,mildlyinteresting
367,2024-07-05 22:02:17,The colour in my cats blanket by the window with changing colours from the sun,,mildlyinteresting
368,2024-07-05 21:56:59,Chinese EV’s (Dongfeng) - Door handle,,mildlyinteresting
369,2024-07-05 21:48:02,One of the trunks on this codominate tree is dead and the other is alive.,,mildlyinteresting
370,2024-07-05 21:30:31,7Up Cherry Zero Sugar changed their cans but not the box,,mildlyinteresting
371,2024-07-05 21:15:41,Some slime mold in my trash can. ,,mildlyinteresting
372,2024-07-05 21:15:37,Puzzle came with 2 duplicate pieces ,,mildlyinteresting
373,2024-07-05 21:12:49,Batteries from 1992 - dead but like new,,mildlyinteresting
374,2024-07-05 20:56:57,This Peppa Pig icelolly was very happy to see us...,,mildlyinteresting
375,2024-07-05 20:52:47,Inverted colors on a ladybug,,mildlyinteresting
376,2024-07-05 20:52:29,Misprinted Color Chips at Work,,mildlyinteresting
377,2024-07-05 20:49:07,A trading card vending machine,,mildlyinteresting
378,2024-07-05 20:28:39,I was born with hair color split down the middle. Including eyelashes. ,,mildlyinteresting
379,2024-07-05 20:01:17,An old chimney in a recently demolished house,,mildlyinteresting
380,2024-07-05 19:57:38,This church has two fire hydrants right next to each other instead of spaced out.,,mildlyinteresting
381,2024-07-05 19:35:17,Old abandoned car in remote cow field,,mildlyinteresting
382,2024-07-05 19:27:38,My box of dots only had reds and oranges,,mildlyinteresting
383,2024-07-05 19:11:05,My Mixed Berry Pie was filled with meat and potatoes,,mildlyinteresting
384,2024-07-05 19:09:56,My apple tree first ever apple,,mildlyinteresting
385,2024-07-05 19:03:02,A picture is being projected on my ceiling through the curtains from outside.,,mildlyinteresting
386,2024-07-05 19:02:11,This is how big catfish can get ,,mildlyinteresting
387,2024-07-05 18:42:25,the spiders have built webs that cover my entire office window,,mildlyinteresting
388,2024-07-05 18:35:00,Glass machete,,mildlyinteresting
389,2024-07-05 18:25:00,The box says it’s enlarged in the photo to show detail.,,mildlyinteresting
390,2024-07-05 18:20:49,"Filming The Summer I Turned Pretty in downtown Wilmington, NC today. ",,mildlyinteresting
391,2024-07-05 18:20:04,Creepy Hungarian doll,,mildlyinteresting
392,2024-07-05 18:18:09,My finger nails have some fun lines running down them naturally,,mildlyinteresting
393,2024-07-05 18:16:46,This British pub has a pup menu ,,mildlyinteresting
394,2024-07-05 18:10:23,This restaurant has a complimentary mouthwash dispenser in the restroom,,mildlyinteresting
395,2024-07-05 18:02:07,Snail graveyard on top of wooden pole,,mildlyinteresting
396,2024-07-05 18:01:44,I found a blue jay feather in my front yard today.,,mildlyinteresting
397,2024-07-05 18:00:21,This keyboard has an O in place of Z,,mildlyinteresting
398,2024-07-05 17:47:49,The steam from my shower drew a cat (through the mirror),,mildlyinteresting
399,2024-07-05 17:33:50,Saw a fleet of the Waymo self-driving cars in the wild today,,mildlyinteresting
400,2024-07-05 17:13:10,Crispy part of my Ramen,,mildlyinteresting
401,2024-07-05 17:09:34,Waiting for the viewing of Inside Out 2 - whole cinema to myself,,mildlyinteresting
402,2024-07-05 17:02:32,My croissant looks like a granny,,mildlyinteresting
403,2024-07-05 16:52:55,The billing machine in starbucks wasn’t working so they handing out manual bills,,mildlyinteresting
404,2024-07-05 16:50:16,I was born with 2 different colored eyelashes.,,mildlyinteresting
405,2024-07-05 16:46:08,"An AmPm had the ""M""s swapped",,mildlyinteresting
406,2024-07-05 16:31:24,Temporary Crowns fell out perfectly intact,,mildlyinteresting
407,2024-07-05 16:30:30,This wooden block connecting two cabins,,mildlyinteresting
408,2024-07-05 16:11:44,All four of my tires had different caps,,mildlyinteresting
409,2024-07-05 16:00:30,Crème body wash that’s been sat at the back of a cupboard for probably about 10 years,,mildlyinteresting
410,2024-07-05 15:58:02,I carved the cat of ash wood,,mildlyinteresting
411,2024-07-05 15:54:31,I found a hitclips half buried in the dirt,,mildlyinteresting
412,2024-07-05 15:51:22,These plastic shards I just found in my water bottles ,,mildlyinteresting
413,2024-07-05 15:21:01,Sand Dunes in Gran Canaria engulfing the footpath and lampposts,,mildlyinteresting
414,2024-07-05 15:14:06,I found a lizard with a really short and stumpy tail,,mildlyinteresting
415,2024-07-05 14:49:55,My dog Levi has an L on the back of his Neck,,mildlyinteresting
416,2024-07-05 14:38:07,This Cookbook with old german receipts my Grandma uses,,mildlyinteresting
417,2024-07-05 11:31:13,My salt rock deodorant after five years of almost daily usage vs a new one.,,mildlyinteresting
418,2024-07-05 14:06:56,I watched fireworks through a little telescope last night and it looks like Jupiter,,mildlyinteresting
419,2024-07-05 14:00:05,My flashlight has modes that range from 40 days to only 2.6 minutes of battery life.,,mildlyinteresting
420,2024-07-05 13:57:36,Water droplets in the shower look like a bunch of cat eyes,,mildlyinteresting
421,2024-07-05 13:54:18,Just a slug eating a mouse.,,mildlyinteresting
422,2024-07-05 13:20:34,"Future date on construction (Norwottuck Rail Trail, Hadley, Mass.)",,mildlyinteresting
423,2024-07-05 13:13:33,Found a spider painted into a wall in my house,,mildlyinteresting
424,2024-07-05 12:56:31,Bank gave me a Canadian quarter,,mildlyinteresting
425,2024-07-05 12:50:37,Real photo of my kid made hands look AI generated,,mildlyinteresting
426,2024-07-05 12:37:50,Noticed this morning my Deadpool poster I've had forever is calendar accurate this year.,,mildlyinteresting
427,2024-07-05 11:53:10,"The way this highway maintenance vehicle is ""parked""",,mildlyinteresting
428,2024-07-05 11:50:45,"Kaiju No. 8, missing it's 8th Volume",,mildlyinteresting
429,2024-07-05 10:31:08,Found this McDonald’s receipt from 1992,,mildlyinteresting
430,2024-07-05 10:23:40,The way this chisel has rusted,,mildlyinteresting
431,2024-07-05 10:22:23,Cupboard clear out leads to a mini phone time capsule. ,,mildlyinteresting
432,2024-07-05 09:43:41,My frozen pizza looks like smile face,,mildlyinteresting
433,2024-07-05 08:44:45,"In this supermarket in Italy, olive oil is kept under lock and key",,mildlyinteresting
434,2024-07-05 08:02:37,National Geographic runs a chain of clothing stores in Hong Kong,,mildlyinteresting
435,2024-07-05 07:31:29,Sign used by a Police station in Kyoto depicting a Police officer wearing a late 19th century uniform helping a child,,mildlyinteresting
436,2024-07-05 07:04:34,"Natural Erosion at Clark Gully, NY",,mildlyinteresting
437,2024-07-05 06:41:45,1996 Magic Eye Calendar for July (dates match up),,mildlyinteresting
438,2024-07-05 06:05:32,My grilled cheese bread has an extra bump in the middle,,mildlyinteresting
439,2024-07-05 04:26:17,One of my vitamins strangely melted,,mildlyinteresting
440,2024-07-05 04:23:33,This picture in the truck stop bathroom,,mildlyinteresting
441,2024-07-05 04:19:11,Yesterday I made black raspberry jelly from berries picked from our farm,,mildlyinteresting
442,2024-07-05 04:12:30,seeds in apple were all sprouting,,mildlyinteresting
443,2024-07-05 03:54:03,Dime size spider casting a big shadow,,mildlyinteresting
444,2024-07-05 03:37:49,Dead calm day on Lake Superior ,,mildlyinteresting
445,2024-07-05 03:05:36,My beer got canned twice,,mildlyinteresting
446,2024-07-05 02:30:17,One bottle in this 6 pack of ginger ale is clear.,,mildlyinteresting
447,2024-07-05 02:17:58,Clump of sugar on my Honeycombs ,,mildlyinteresting
448,2024-07-05 02:13:16,The serial numbers on these bills i got as change.,,mildlyinteresting
449,2024-07-05 01:55:29,These magnetic beads look like a person posing,,mildlyinteresting
450,2024-07-05 01:48:42,These multicoloured arrows spray-painted all over the street.,,mildlyinteresting
451,2024-07-05 01:40:52,This table has a suspicious extra appendage,,mildlyinteresting
452,2024-07-05 01:25:43,"This ""GAS"" marking on the sidewalk looks somewhat sus upside down",,mildlyinteresting
453,2024-07-05 01:16:37,This cat has unsafe amounts of radiation after therapy,,mildlyinteresting
454,2024-07-05 01:07:26,Ohio brewery reusing Pennsylvania brewery cans,,mildlyinteresting
455,2024-07-05 00:42:11,8 years ago I took this photo on July 4th,,mildlyinteresting
456,2024-07-05 00:38:36,Burn on my finger didn't blister in the middle,,mildlyinteresting
457,2024-07-05 00:11:50,"Last 4 digits of this transaction number happen to be 1776, on July 4th",,mildlyinteresting
458,2024-07-05 00:10:33,Super old Bible,,mildlyinteresting
459,2024-07-04 23:49:21,Speckled chicken breasts,,mildlyinteresting
460,2024-07-04 23:42:42,The hair that grew back over my cat's injury is darker than anywhere else ,,mildlyinteresting
461,2024-07-04 23:39:36,This temporary closure that never ended,,mildlyinteresting
462,2024-07-04 23:32:55,My cousin’s Scrub daddy sponge. Just two eyeballs left.,,mildlyinteresting
463,2024-07-04 23:26:55,My charger cable formed a perfect pretzel inside my bag,,mildlyinteresting
464,2024-07-04 23:21:29,My Packet went Puffy,,mildlyinteresting
465,2024-07-04 23:21:25,"Today on July 4th, my lunch bill was $17.76",,mildlyinteresting
466,2024-07-04 23:21:07,T-shirt fabric swatches are little shirts,,mildlyinteresting
467,2024-07-04 23:18:43,I wrote a letter to President Bush when I was 10 and received a response,,mildlyinteresting
468,2024-07-04 23:16:43,this toilet cake at dairy queen,,mildlyinteresting
469,2024-07-04 22:59:09,My Mascara Matches My Bedspread Perfectly ,,mildlyinteresting
470,2024-07-04 22:57:14,My socks seem to have aged quite differently ,,mildlyinteresting
471,2024-07-04 22:54:37,Some stranger gave my mother these gold coins,,mildlyinteresting
472,2024-07-04 22:47:45,Fresh snake skin found in my basement,,mildlyinteresting
473,2024-07-04 22:43:34,Found a blue salamander in our pool,,mildlyinteresting
474,2024-07-04 22:42:09,some old covid masks after a few years sitting in a drawer,,mildlyinteresting
475,2024-07-04 22:18:30,The fairway and the green on this golf course are dead and the rough is verdant and green.,,mildlyinteresting
476,2024-07-04 22:06:54,Chinese candy wrapper found in commercial grade fireworks box from china,,mildlyinteresting
477,2024-07-04 22:02:19,"I found two beetles in the water that died while having sex, his penis is still inserted!",,mildlyinteresting
478,2024-07-04 21:56:08,I found two Fruit by the foot rolls in one pack,,mildlyinteresting
479,2024-07-04 21:37:49,There’s a barn owl living in an abandoned cotton gin on our farm. This is the floor.,,mildlyinteresting
480,2024-07-04 21:36:44,Big egg my chickens laid,,mildlyinteresting
481,2024-07-04 21:24:47,My brother received an extra cup in his 3 pack of Reese’s.,,mildlyinteresting
482,2024-07-04 21:17:45,This lemon i found the other day,,mildlyinteresting
483,2024-07-04 21:17:28,The difference between a 6 month old and an 8 year old matcha,,mildlyinteresting
484,2024-07-04 21:09:58,The park near me has kayak storage tubes by the launch ramp. ,,mildlyinteresting
485,2024-07-04 20:57:11,"My wife's paystub for her performance in 1996's ""Independence Day""",,mildlyinteresting
486,2024-07-04 20:54:39,I just learned spider crickets are a thing,,mildlyinteresting
487,2024-07-04 20:36:27,Miss cut on a black olive,,mildlyinteresting
488,2024-07-04 20:35:57,My buns got shorted some seeds,,mildlyinteresting
489,2024-07-04 20:26:40,My glass looked like it's floating on the table today.,,mildlyinteresting
490,2024-07-04 20:24:27,My local library has movies on HD-DVD,,mildlyinteresting
491,2024-07-04 20:18:46,A little sculpture I found of a little boy... eating a hot dog I think,,mildlyinteresting
492,2024-07-04 20:14:43,This cap has a fairly abstract version of Bhutan's flag ,,mildlyinteresting
493,2024-07-04 20:12:18,Found a fuse bead with an extra hole,,mildlyinteresting
494,2024-07-04 20:11:17,I was reading this kids book and noticed this boat being stoned asf,,mildlyinteresting
495,2024-07-04 20:10:49,I had a metal nut in my ear for a year,,mildlyinteresting
496,2024-07-04 20:06:30,Sign at Saxavord Spaceport,,mildlyinteresting
497,2024-07-04 19:56:41,I found these mushrooms growing perfectly lined,,mildlyinteresting
498,2024-07-04 19:49:06,This oddly shaped chocolate bar I found...,,mildlyinteresting
499,2024-07-04 19:33:45,Gradient made by mixing two soaps,,mildlyinteresting
500,2024-07-04 19:23:21,Haribo dummy without the hole.,,mildlyinteresting
501,2024-07-04 19:16:31,My yolk broke causing it to appear the exact opposite of the other egg,,mildlyinteresting
502,2024-07-04 19:13:30,The pin on my hat got imprinted onto the hat,,mildlyinteresting
503,2024-07-04 19:13:29,Weird Tree I Found,,mildlyinteresting
504,2024-07-04 18:52:49,My grabby-hands tongs fell into the disposal … and look like they are reaching out for help,,mildlyinteresting
505,2024-07-04 18:51:09,These stairs lead to nowhere.,,mildlyinteresting
506,2024-07-04 18:46:20,"Old letter from my great grandmother, signed Heil Hitler",,mildlyinteresting
507,2024-07-04 18:32:41,"This Immigrant Inclusive Art Piece in Salem, MA.",,mildlyinteresting
508,2024-07-04 18:20:20,A Drink Lid after being left in a hot car,,mildlyinteresting
509,2024-07-04 18:20:02,The contrast between my wife’s old and new shoes,,mildlyinteresting
510,2024-07-04 18:11:14,My fiancé’s hand is the length of my forearm,,mildlyinteresting
511,2024-07-04 18:10:10,This tiny clothespin holding my cocktail garnish.,,mildlyinteresting
512,2024-07-04 17:54:47,My box of Earl Grey tea had one bag of lemon-ginger in it.,,mildlyinteresting
513,2024-07-04 17:52:25,My baby spider plant has a baby spider plant ,,mildlyinteresting
514,2024-07-04 17:36:43,My stepdad’s one long eyebrow hair,,mildlyinteresting
515,2024-07-04 17:32:37,Reebok made Voltron Shoes,,mildlyinteresting
516,2024-07-04 17:15:14,eternal toe beans!! ,,mildlyinteresting
517,2024-07-04 17:10:24,Cracked 2 eggs in a row with double yolks,,mildlyinteresting
518,2024-07-04 16:40:00,The seeds on my strawberry started sprouting while still on the strawberry,,mildlyinteresting
519,2024-07-04 16:32:58,This park bench has a mini bench for babies,,mildlyinteresting
520,2024-07-04 15:55:38,It's the fifth egg in a row with twin yolks.,,mildlyinteresting
521,2024-07-04 15:48:55,I found a double dandelion ,,mildlyinteresting
522,2024-07-04 15:43:23,"This slap bracelet is made with an old tape measure ""tape"".",,mildlyinteresting
523,2024-07-04 15:38:57,A bowl full of apricots,,mildlyinteresting
524,2024-07-04 15:13:42,Grocery store sells normal and “flavored” beef and rhubarb pasties,,mildlyinteresting
525,2024-07-04 15:02:59,Dove fell asleep next to me,,mildlyinteresting
526,2024-07-04 15:02:59,Molykote grease contains [trade secret],,mildlyinteresting
527,2024-07-04 14:48:30,Oat milk fused together two iced coffee cubes,,mildlyinteresting
528,2024-07-04 14:44:59,My dog found a caterpillar,,mildlyinteresting
529,2024-07-04 14:12:30,Left and right socks,,mildlyinteresting
530,2024-07-04 14:08:20,"I moved to a new condo and I'm still getting the previous occupant's mail, including unpaid bills, letters from attorneys and banks, and three notices for an arrest warrant ",,mildlyinteresting
531,2024-07-04 13:49:45,My cabbage is growing a cabbage ,,mildlyinteresting
532,2024-07-04 13:44:13,This big spider.  It’s bigger than my hand.,,mildlyinteresting
533,2024-07-04 13:40:27,"This monstera leaf growing through another leaf, because it can",,mildlyinteresting
534,2024-07-04 13:30:42,This cloud that appears to spell the word 'JOY',,mildlyinteresting
535,2024-07-04 13:14:32,I found a lizard that has a really long tail.,,mildlyinteresting
536,2024-07-04 12:43:23,This hawk just chilling on my car.,,mildlyinteresting
537,2024-07-04 12:33:02,My grandma still has her Yugoslav passport,,mildlyinteresting
538,2024-07-04 12:24:58,This operational telephone in a historic building/museum,,mildlyinteresting
539,2024-07-04 12:19:23,heart shaped pinto bean,,mildlyinteresting
540,2024-07-04 12:12:41,This beetle flew into my cactus needle.,,mildlyinteresting
541,2024-07-04 12:04:41,Table of contents in this book from 1918,,mildlyinteresting
542,2024-07-04 11:32:52,How the collagen powder settled in my coffee,,mildlyinteresting
543,2024-07-04 11:26:47,The giant Hula Hoop I found in my pack (compared to two ‘average’ sized ones) ,,mildlyinteresting
544,2024-07-04 10:55:01,A cool receipt I found in an old Wii game case,,mildlyinteresting
545,2024-07-04 07:54:48,Japan has emergency toilet bins in elevators in case you get stuck for a long time.,,mildlyinteresting
546,2024-07-04 07:24:16,One of my apple rings is checkered,,mildlyinteresting
547,2024-07-04 06:03:57,This book on how to read a book,,mildlyinteresting
548,2024-07-04 05:37:12,The difference between my new (left) and old (right) journals after 619 consecutive days of entries.,,mildlyinteresting
549,2024-07-04 04:57:20,The mouth hole for a Dunkin cover is way bigger than a Starbucks cover.,,mildlyinteresting
550,2024-07-04 04:50:42,somehow this snail reached my bed,,mildlyinteresting
551,2024-07-04 04:34:18,The worn steps of the Leaning Tower of Pisa ,,mildlyinteresting
552,2024-07-04 03:39:26,I balanced some dice on my desk.,,mildlyinteresting
553,2024-07-04 02:50:50,I found this note in a book about suicide,,mildlyinteresting
554,2024-07-04 01:54:25,My ice fell into my cup so neatly,,mildlyinteresting
555,2024-07-04 01:52:46,This design on the back of my monitor reflected onto the wall and made this cool flame-looking thing,,mildlyinteresting
556,2024-07-04 01:49:58,My cat puked on a book in the exact spot to make it look like the cat in the book puked it.,,mildlyinteresting
557,2024-07-04 01:47:54,Saw a neat cloud,,mildlyinteresting
558,2024-07-04 01:45:03,a bunch of arrowheads my friend found in Wyoming about 40 years ago,,mildlyinteresting
559,2024-07-04 01:38:53,This Mountain of Bird Poop Formed Under a Ledge Where Pigeons Perched,,mildlyinteresting
560,2024-07-04 01:34:00,This store has doors for all the bathroom urinals,,mildlyinteresting
561,2024-07-04 01:18:13,A 9-volt battery from the 1980’s,,mildlyinteresting
562,2024-07-04 01:07:27,Found a baby gummy bear in my gummy bear bag,,mildlyinteresting
563,2024-07-04 00:55:04,A moldy mushroom i found while cleaning my fridge out,,mildlyinteresting
564,2024-07-04 00:49:31,This yoghurt orange Fanta,,mildlyinteresting
565,2024-07-04 00:48:40,This fish egg vending machine,,mildlyinteresting
566,2024-07-04 00:47:18,My grandmother's childhood Presidential study wheel. Goes all the way up to the 31st president.,,mildlyinteresting
567,2024-07-04 00:28:10,These beams of light in the sky,,mildlyinteresting
568,2024-07-04 00:09:31,This Freedom Hat ,,mildlyinteresting
569,2024-07-04 00:00:16,This relabeled beer can from my favorite cider company,,mildlyinteresting
570,2024-07-03 23:42:56,I was making eggs and they made a face,,mildlyinteresting
571,2024-07-03 23:30:40,The latches on this plane engine look like lipsticks.,,mildlyinteresting
572,2024-07-03 23:19:19,Local McDonald’s has an ice cream machine repair truck in the lot. ,,mildlyinteresting
573,2024-07-03 23:16:42,I made an eagle out of cheese for the 4th of July,,mildlyinteresting
574,2024-07-03 23:09:15,A flat escalator without the top layer,,mildlyinteresting
575,2024-07-03 23:07:52,Gas station has pump-shaped topiaries ,,mildlyinteresting
576,2024-07-03 23:07:10,One of the pieces on my Rubik's cube is weathering differently from the others,,mildlyinteresting
577,2024-07-03 22:55:48,My DVD of Titanic with authentic water damage,,mildlyinteresting
578,2024-07-03 22:51:33,I sketched this in therapy,,mildlyinteresting
579,2024-07-03 22:45:54,My icecream got 2 wafelcanes ,,mildlyinteresting
580,2024-07-03 22:44:53,Special Bathroom for Left-handed people,,mildlyinteresting
581,2024-07-03 22:29:51,Two raccoons playing on a tree today,,mildlyinteresting
582,2024-07-03 22:18:22,I accidentally made a camera obscura with my blinds,,mildlyinteresting
583,2024-07-03 21:55:39,The amount of cheese on my bread roll this morning,,mildlyinteresting
584,2024-07-03 21:42:41,this smokey is buff af ,,mildlyinteresting
585,2024-07-03 21:33:56,"Highlighter has the Disney font for ""scented""",,mildlyinteresting
586,2024-07-03 21:16:55,"The texture, and stain that will not wash off from under where my nail fell off",,mildlyinteresting
587,2024-07-03 21:02:57,6 year old starbucks cup to present day,,mildlyinteresting
588,2024-07-03 21:00:35,Assassin Milkweed Bug,,mildlyinteresting
589,2024-07-03 20:50:54,this spruce forest looks like it was clone stamped,,mildlyinteresting
590,2024-07-03 20:48:12,What it looks like when puppies begin to lose baby teeth,,mildlyinteresting
591,2024-07-03 20:47:49,The instruction manual for this bench includes pages for notes,,mildlyinteresting
592,2024-07-03 20:37:53,A wasp nest built directly in the middle of a cow skull,,mildlyinteresting
593,2024-07-03 20:19:45,How this martini glass broke in the sink,,mildlyinteresting
594,2024-07-03 19:59:27,A fibrous seed vein in my banana.,,mildlyinteresting
595,2024-07-03 19:54:08,This lime has a stitch line,,mildlyinteresting
596,2024-07-03 19:49:14,A Broccoli that I ate,,mildlyinteresting
597,2024-07-03 19:45:41,This dog's forehead spot looks like Texas.,,mildlyinteresting
598,2024-07-03 19:40:35,The handle of this door is a big wrench,,mildlyinteresting
599,2024-07-03 19:36:48,The 1 on the temperature display on my clock is brighter due to infrequent 3 digit temps!,,mildlyinteresting
600,2024-07-03 19:25:41,My nails grow on the sides. Index fingers nail grows most on the sides,,mildlyinteresting
601,2024-07-03 19:17:54,I discovered a regular Milkybar button in my pack,,mildlyinteresting
602,2024-07-03 19:14:58,I can see the Milky Way from my apartment,,mildlyinteresting
603,2024-07-03 18:52:33,Labels for bathroom door lock,,mildlyinteresting
604,2024-07-03 18:48:25,Found a mini Nutella jar while visiting Germany.,,mildlyinteresting
605,2024-07-03 18:34:38,The way this tree is growing in my hometown,,mildlyinteresting
606,2024-07-03 18:05:41,Made Superman logo omelette by accident ,,mildlyinteresting
607,2024-07-03 18:02:29,The size of this radish,,mildlyinteresting
608,2024-07-03 17:56:02,I have a rare condition called sectoral heterochromia,,mildlyinteresting
609,2024-07-03 17:46:56,A bakery I visited had a photo of Christopher Walken on the walk-in refrigerator,,mildlyinteresting
610,2024-07-03 17:43:47,This garlic looks and feels like gummi,,mildlyinteresting
611,2024-07-03 17:37:32,My movie theater has a sign for end credits,,mildlyinteresting
612,2024-07-03 17:36:58,Syndactyly: I was born with two toes partially fused,,mildlyinteresting
613,2024-07-03 17:32:19,Was going to trim some trees and saw these Lantern Flies,,mildlyinteresting
614,2024-07-03 17:11:21,A Bird I carved from Bodo wood,,mildlyinteresting
615,2024-07-03 17:09:26,Doggy Nose Upclose,,mildlyinteresting
616,2024-07-03 16:54:35,This toad-frog thing is missing an eye.,,mildlyinteresting
617,2024-07-03 16:53:26,Leaves on the ground formed a smiley face,,mildlyinteresting
618,2024-07-03 16:39:53,Found a nice hot wheels,,mildlyinteresting
619,2024-07-03 16:22:05,My dog pushes my bedroom door open when it is closed and her nose wore the paint down.,,mildlyinteresting
620,2024-07-03 16:10:58,One egg is elongated ,,mildlyinteresting
621,2024-07-03 15:46:21,Green balloons deflated faster.,,mildlyinteresting
622,2024-07-03 15:36:12,This conjoined strawberry,,mildlyinteresting
623,2024-07-03 15:22:10,The way this egg cracked,,mildlyinteresting
624,2024-07-03 15:16:24,My version of 1984 has the name hidden in the spiral on the cover,,mildlyinteresting
625,2024-07-03 15:09:27,The lofty nest I discovered after the chickadees left the birdhouse ,,mildlyinteresting
626,2024-07-03 14:52:37,Lenovo has started putting giant warning labels on the bottom of their laptops to try and prevent you from eating the CMOS battery,,mildlyinteresting
627,2024-07-03 14:43:23,I cracked two double yolk eggs in a row.,,mildlyinteresting
628,2024-07-03 14:36:58,Hartford courant from 1864,,mildlyinteresting
629,2024-07-03 14:31:09,A Well Worn vs Brand New pair of the same shoe,,mildlyinteresting
630,2024-07-03 14:15:29,"I have Mike, Iron Man & Spider Man protecting my saturn in crystal ball",,mildlyinteresting
631,2024-07-03 14:02:42,Random spot in the shape of a Z popped up on my shoulder and it hurts to touch,,mildlyinteresting
632,2024-07-03 13:53:10,They guys painting the lines on our parking lot painted right over a pine cone.,,mildlyinteresting
633,2024-07-03 13:39:34,My skin shed like snakes,,mildlyinteresting
634,2024-07-03 13:16:54,The amount of Gemstones found in $10 bag of dirt at Dollywood,,mildlyinteresting
635,2024-07-03 13:14:05,This ball of tape my roommates made unintentionally looks like Sonic,,mildlyinteresting
636,2024-07-03 12:38:04,The relationship between the cashew nut to the fruit,,mildlyinteresting
637,2024-07-03 12:35:02,A leaf made out of glass on the sidewalk in Vancouver,,mildlyinteresting
638,2024-07-03 12:30:11,Road tomatoes growing between lanes,,mildlyinteresting
639,2024-07-03 12:00:20,This elevator has half floors,,mildlyinteresting
640,2024-07-03 11:56:36,My NYC souvenir coffee mug has the World Trade Center as part of the skyline,,mildlyinteresting
641,2024-07-03 11:32:25,A frog made a trip across my windshield.,,mildlyinteresting
642,2024-07-03 11:19:53,This airport bathroom trash can in Amsterdam is so old it was made in West Germany,,mildlyinteresting
643,2024-07-03 11:14:59,Two leaves that have fused together,,mildlyinteresting
644,2024-07-03 10:37:23,A spectacular occurence of a orange,,mildlyinteresting
645,2024-07-03 10:34:43,My Harley Davidson metal box discolored on the top after years in the sun. (Became more purplish/bluish instead of dark),,mildlyinteresting
646,2024-07-03 10:15:35,The difference in wear on the toilet doors in the pool club.,,mildlyinteresting
647,2024-07-03 10:13:42,Bought allergy medication in Scotland and it comes in a cool pill pattern ,,mildlyinteresting
648,2024-07-03 09:54:01,The sky this morning.,,mildlyinteresting
649,2024-07-03 09:18:41,My Plane doesn't have a 13th Row. ,,mildlyinteresting
650,2024-07-03 09:14:22,A pringles error,,mildlyinteresting
651,2024-07-03 08:27:41,I made a perfect checkmark ,,mildlyinteresting
652,2024-07-03 08:23:36,My local coffee shop uses old Oatly cartons as takeaway drink trays,,mildlyinteresting
653,2024-07-03 06:47:36,This dog poop receptacle in my neighborhood has a clever Putin sticker on it.,,mildlyinteresting
654,2024-07-03 06:40:57,Reverse paw prints,,mildlyinteresting
655,2024-07-03 06:33:45,Instructions at my local gym ,,mildlyinteresting
656,2024-07-03 06:13:30,I was born with four fingers (missing the middle finger),,mildlyinteresting
657,2024-07-03 05:45:44,This package shows the actual Nutella fill level so you know it’s not filled all the way down,,mildlyinteresting
658,2024-07-03 05:35:24,This slightly creepy root I found in my chicken coop,,mildlyinteresting
659,2024-07-03 05:34:36,You can see the aerodynamics of the car from the rain trails on the window,,mildlyinteresting
660,2024-07-03 05:12:56,This bar stool at a waterfall,,mildlyinteresting
661,2024-07-03 05:04:29,The mouse I bought came with gummies,,mildlyinteresting
662,2024-07-03 04:52:58,This convenience store sells frozen pre-peeled tangerines,,mildlyinteresting
663,2024-07-03 04:24:33,My Corona came without a label printed on it.,,mildlyinteresting
664,2024-07-03 04:17:27,This rest area/rest stop hold Indonesian Record for most toilets in a rest area with 320 toilets.,,mildlyinteresting
665,2024-07-03 03:52:01,Found a heart-shaped potato in my bag of potatoes tonight ,,mildlyinteresting
666,2024-07-03 03:47:11,Goodwill selling dayquil,,mildlyinteresting
667,2024-07-03 03:34:35,"The bar bathroom’s flooring is worn down on only one stall, indicating that this one is the one most used",,mildlyinteresting
668,2024-07-03 03:30:42,Guest bathroom shower drain is luminescent for some reason. No windows or outside light present. ,,mildlyinteresting
669,2024-07-03 03:04:46,This shadow makes no sense at first glance,,mildlyinteresting
670,2024-07-03 02:27:08,These Cheesepuffs I bought were made in Iran.,,mildlyinteresting
671,2024-07-03 02:03:59,Baby birds on my porch in an old bird feeder,,mildlyinteresting
672,2024-07-03 01:55:16,This macaron that looks like a pretty patty ,,mildlyinteresting
673,2024-07-03 01:42:44,My boyfriend's pants have an upside down pocket,,mildlyinteresting
674,2024-07-03 01:36:24,I have an extra line on my pinky.,,mildlyinteresting
675,2024-07-03 01:28:21,My flip flops came with a warning about escalators,,mildlyinteresting
676,2024-07-03 01:24:46,I planted an unpopped popcorn kernel,,mildlyinteresting
677,2024-07-03 01:19:37,2 yolks 1 egg,,mildlyinteresting
678,2024-07-03 01:14:36,Cuboid piece of Celtic sea salt,,mildlyinteresting
679,2024-07-03 01:13:38,My Hotel's Windowshade and the View Out the Window,,mildlyinteresting
680,2024-07-03 01:01:47,The back alley of this animal shelter in San Diego has a night drop box for animals. The sign just the left has instructions for accessing a unit. ,,mildlyinteresting
681,2024-07-03 00:50:50,"10 yrs ago when I taught Auto Shop in school, I created a game called ""Necronomicon or Car Technology""",,mildlyinteresting
682,2024-07-03 00:42:10,This plant (monotropa uniflora) doesn’t product chlorophyll - hence why it’s not green. ,,mildlyinteresting
683,2024-07-03 00:40:24,My son’s sunburn matches the gradient of his shirt,,mildlyinteresting
684,2024-07-03 00:33:07,Spotted in Portugal. Half of the hotel is abandoned and never completed development and the other half is a functional hotel ,,mildlyinteresting
685,2024-07-03 00:25:03,I picked a little bitty pineapple from my yard that can fit in the palm of my hand,,mildlyinteresting
686,2024-07-03 00:23:43,My fiancé found this random glass ball at his work,,mildlyinteresting
687,2024-07-03 00:14:23,I saw a baby monkey today,,mildlyinteresting
688,2024-07-03 00:12:35,I have an extra line on my finger.,,mildlyinteresting
689,2024-07-03 00:08:08,Pizza Oreos I made,,mildlyinteresting
690,2024-07-03 00:08:01,jumping spider living in my plant,,mildlyinteresting
691,2024-07-03 00:03:24,The amount of pizza flyers under my hotel room door,,mildlyinteresting
692,2024-07-02 23:54:09,My town defaulted on our only free public charger’s electricity bill,,mildlyinteresting
693,2024-07-02 23:52:19,a flower pot in my town is painted with memes,,mildlyinteresting
694,2024-07-02 23:51:50,My Cadbury Top Deck has the top deck pieces detached in the packaging ,,mildlyinteresting
695,2024-07-02 23:51:17,lumpy brick-like rock,,mildlyinteresting
696,2024-07-02 23:41:59,Found a different shape in my gum container,,mildlyinteresting
697,2024-07-02 23:40:14,Bus in Jamaica showing a Chinese destination ,,mildlyinteresting
698,2024-07-02 23:38:13,my panda express fortune cookie came with double the cookie and fortune,,mildlyinteresting
699,2024-07-02 23:37:53,This book was printed in 1885 and can be borrowed from my Library ,,mildlyinteresting
700,2024-07-02 23:17:40,These bananas are joined at the front,,mildlyinteresting
701,2024-07-02 23:08:02,My daughter has a bifid (forked) uvula ,,mildlyinteresting
702,2024-07-02 23:01:08,This hand warmer expired 10 years ago and still works,,mildlyinteresting
703,2024-07-02 22:59:14,This taquito came with no beef,,mildlyinteresting
704,2024-07-02 22:55:15,"got a bootleg sex pistols patch that says ""TONXI"" instead of ""here's the""",,mildlyinteresting
705,2024-07-02 22:46:05,This spot of sheetrock mud looks like a horseshoe crab,,mildlyinteresting
706,2024-07-02 22:35:16,This Christmas tree ready for July 4 at local burger joint.,,mildlyinteresting
707,2024-07-02 22:21:00,I’m missing wrinkles on the back of a finger,,mildlyinteresting
708,2024-07-02 22:18:59,Fused Double Yellow Squash from my Garden,,mildlyinteresting
709,2024-07-02 22:14:20,I found spicy Skittles at a Mexican convenience store.,,mildlyinteresting
710,2024-07-02 22:09:09,In Spain They Have An Infographic To Tell The Ripeness of Avocados,,mildlyinteresting
711,2024-07-02 22:07:40,"These clouds the other night spelled ""Us""",,mildlyinteresting
712,2024-07-02 21:57:07,Born with out a uvula,,mildlyinteresting
713,2024-07-02 21:50:33,This restroom has the short urinal in the middle,,mildlyinteresting
714,2024-07-02 21:37:44,The pattern of the watermelon,,mildlyinteresting
715,2024-07-02 21:21:49,little frog squishy looks like reddit logo when you cover his eyes,,mildlyinteresting
716,2024-07-02 21:21:01,One side of my Oreo was backwards.,,mildlyinteresting
717,2024-07-02 21:16:21,This can was crushed on all four sides but still sealed,,mildlyinteresting
718,2024-07-02 21:14:23,A riflebutt washed up at the beach,,mildlyinteresting
719,2024-07-02 21:10:51,Cow in the road,,mildlyinteresting
720,2024-07-02 21:09:26,A semi official sign,,mildlyinteresting
721,2024-07-02 20:42:16,What appears to be a square of Sour Cream n Onion seasoning that fell out of my Lays bag. ,,mildlyinteresting
722,2024-07-02 20:39:42,"Found these coins, any idea what caused this damage",,mildlyinteresting
723,2024-07-02 20:34:14,This Squirrel’s body and tail do t match,,mildlyinteresting
724,2024-07-02 20:18:56,Found an old newspaper ad ten years ago on the day,,mildlyinteresting
725,2024-07-02 20:08:54,I found this Sam’s ad from 1997,,mildlyinteresting
726,2024-07-02 19:55:40,The number of sinks in this one toilet bathroom.,,mildlyinteresting
727,2024-07-02 19:53:59,Failure mode of large driveshafts,,mildlyinteresting
728,2024-07-02 19:53:48,"50% H2O2 ""burns"" or rather bubbling",,mildlyinteresting
729,2024-07-02 19:43:59,My thermometer lost the color in just the top two bulbs,,mildlyinteresting
730,2024-07-02 19:39:27,All my tomatoes turned red except one,,mildlyinteresting
731,2024-07-02 19:31:15,My Dorito had a Dorito-shaped hole in it,,mildlyinteresting
732,2024-07-02 19:28:42,Trash receptacle outside a Walgreens in Arizona…,,mildlyinteresting
733,2024-07-02 19:25:00,Wooden Dollar,,mildlyinteresting
734,2024-07-02 19:05:36,This hackberry tree growing inside a stop sign,,mildlyinteresting
735,2024-07-02 18:48:07,Convertible Toyota Yaris ,,mildlyinteresting
736,2024-07-02 18:44:21,unperforated double sheet of toilet paper,,mildlyinteresting
737,2024-07-02 18:32:53,The M on this sign is an upside down W,,mildlyinteresting
738,2024-07-02 18:30:22,My uncooked porkchop looks sort of like a silhouette of a bear facing left.,,mildlyinteresting
739,2024-07-02 18:25:44,I'm missing a line on my finger ,,mildlyinteresting
740,2024-07-02 18:04:30,The way water pools on this tablecloth,,mildlyinteresting
741,2024-07-02 18:01:38,Found a shake weight at a thrift store,,mildlyinteresting
742,2024-07-02 18:00:40,My dog’s nail is half clear and half black,,mildlyinteresting
743,2024-07-02 17:56:06,My water bottle’s laminar flow bubble,,mildlyinteresting
744,2024-07-02 17:53:50,2 tailed mango,,mildlyinteresting
745,2024-07-02 17:50:59,"The socket I use daily has these dark spots, while the other socket I barely ever use is cleaner.",,mildlyinteresting
746,2024-07-02 17:48:27, The way this shade line split my lilac bush,,mildlyinteresting
747,2024-07-02 17:41:46,"Ordered Something from Ebay, The Seller Used an Old Conway Twitty Album Cover for Packing Material. ",,mildlyinteresting
748,2024-07-02 17:41:26,This list of checkout dates from an old book at my university ,,mildlyinteresting
749,2024-07-02 17:27:03,I found my mom’s Michael Jackson ticket from 1984,,mildlyinteresting
750,2024-07-02 17:25:58,Two baby praying mantises on my tire this morning ,,mildlyinteresting
751,2024-07-02 17:20:15,This cars turn signal,,mildlyinteresting
752,2024-07-02 16:39:13,Bench near my apartment,,mildlyinteresting
753,2024-07-02 16:37:34,My fingernails looks like the polycount is decreasing for each finger,,mildlyinteresting
754,2024-07-02 16:09:20,Found a pokeball golfball today,,mildlyinteresting
755,2024-07-02 16:03:50,My purchase came with a “fun” fact,,mildlyinteresting
756,2024-07-02 15:30:43,My wife casually interlacing her fingers and looking A.I. generated,,mildlyinteresting
757,2024-07-02 15:06:40,What an iPhone looks like after being dropped into a campfire,,mildlyinteresting
758,2024-07-02 14:45:30,I have ridges in only one of my nails. The same finger is the only one from both hands that gets dry and flakey,,mildlyinteresting
759,2024-07-02 00:12:17,Pic: Police block pro- Palestinian protestors at Chicago Pride,,mildlyinteresting
760,2024-07-02 13:58:21,The Largest Hindu Temple In The World Is Now In New Jersey.,,mildlyinteresting
761,2024-07-02 13:50:24,My copy of The Brothers Karamazov had the edge of the printing cut short,,mildlyinteresting
762,2024-07-02 13:46:39,This pidgeon build a nest though spikes put there to stop nest building,,mildlyinteresting
763,2024-07-02 13:45:05,Knot in wood looks like profile of a man,,mildlyinteresting
764,2024-07-02 12:46:41,My orange is exactly 75% orange and 25% yellow,,mildlyinteresting
765,2024-07-02 11:04:44,This wierd ridging depression that my thumb nails acquired,,mildlyinteresting
766,2024-07-02 10:13:45,You can see where the hot water pipe runs in the wall because no steam condenses there.,,mildlyinteresting
767,2024-07-02 09:57:12,I drove a bit less than 1Mm,,mildlyinteresting
768,2024-07-02 09:52:40,My peanuts can be cross-contaminated by pistachios but not the other way round,,mildlyinteresting
769,2024-07-02 09:42:49,The way my collarbone is secured after my motorbike accident,,mildlyinteresting
770,2024-07-02 09:36:01,A strawberry making leaves instead of seeds,,mildlyinteresting
771,2024-07-02 09:25:53,I got a heart shaped flat peach,,mildlyinteresting
772,2024-07-02 08:26:05,apparently i hold my cups weird,,mildlyinteresting
773,2024-07-02 08:22:51,This maize soft ice ,,mildlyinteresting
774,2024-07-02 08:08:12,Canadian dudes playing hockey on the beach,,mildlyinteresting
775,2024-07-02 07:36:06,dragonfly imprint on my arm from my necklace,,mildlyinteresting
776,2024-07-02 07:18:16,Found a Heart-shaped sensation crisps.,,mildlyinteresting
777,2024-07-02 07:03:40,Lemon juice came with a spray nozzle,,mildlyinteresting
778,2024-07-02 06:24:22,There was a gummy sperm in my worms! ,,mildlyinteresting
779,2024-07-02 05:30:48,This one spot doesn’t get any shade from the palm trees.,,mildlyinteresting
780,2024-07-02 05:12:14,My beer cap magnet.,,mildlyinteresting
781,2024-07-02 04:08:15,On a hike and see someone tightrope walking,,mildlyinteresting
782,2024-07-02 04:00:10,My wife's popcicle has an extra stick. ,,mildlyinteresting
783,2024-07-02 03:47:50,Miss cut chip bag,,mildlyinteresting
784,2024-07-02 03:33:49,This weird rainbow on a perfectly sunny day,,mildlyinteresting
785,2024-07-02 02:18:15,I found a Nickelback CD hanging on a tree,,mildlyinteresting
786,2024-07-02 01:37:02,S’mores ramen…,,mildlyinteresting
787,2024-07-02 01:36:57,Spotted my hometown’s local shuttle 3500 miles away in Ketchikan Alaska,,mildlyinteresting
788,2024-07-02 01:33:54,Found this Sam’s Club paper from 1997! ,,mildlyinteresting
789,2024-07-02 01:32:44,Found this receipt from 1997,,mildlyinteresting
790,2024-07-02 01:25:47,Jello with imprinted lid text,,mildlyinteresting
791,2024-07-02 00:56:55,New real estate sales strategy ,,mildlyinteresting
792,2024-07-02 00:43:04,I found those two little bugs in a peculiar position ,,mildlyinteresting
793,2024-07-02 00:38:46,My popcorn looks like Yoda,,mildlyinteresting
794,2024-07-02 00:38:28,The size differential between my Miata and the Cybertruck,,mildlyinteresting
795,2024-07-02 00:26:03,A regular Fusilli in my whole grain pasta,,mildlyinteresting
796,2024-07-02 00:16:02,Double Rainbow,,mildlyinteresting
797,2024-07-02 00:08:30,A list of coins,,mildlyinteresting
798,2024-07-02 00:02:54,Opened a can of jalapeños to see this little fella  tryin to get out :) ,,mildlyinteresting
799,2024-07-01 23:59:22,A 2.1-2.8 billion year old fossil stromatolite was used for the harbors breakwater ,,mildlyinteresting
800,2024-07-01 23:57:43,These numbers are similar.,,mildlyinteresting
801,2024-07-01 23:47:15,The light reflecting off my fan almost looks like 2 planets in space.,,mildlyinteresting
802,2024-07-01 23:45:34,The two spots on the door made it look like a character from Cars,,mildlyinteresting
803,2024-07-01 23:36:29,We got flying squirrels in Southeastern PA,,mildlyinteresting
804,2024-07-01 23:34:39,My whole roll of paper towels is the splice of two sheets,,mildlyinteresting
805,2024-07-01 23:32:45,Bus-stop with Mount Baker in the background.,,mildlyinteresting
806,2024-07-01 23:20:41,No parking sign in an overgrown hedge with a hole cutout to see the sign.,,mildlyinteresting
807,2024-07-01 23:18:39,Really low door handle,,mildlyinteresting
808,2024-07-01 23:17:41,Lopsided picnic table.,,mildlyinteresting
809,2024-07-01 23:16:35,Stacked rocks with a log bridge ,,mildlyinteresting
810,2024-07-01 23:15:16,My ADHD meds came with a fidget cube,,mildlyinteresting
811,2024-07-01 23:14:19,Thick soup in a container with the lid off.,,mildlyinteresting
812,2024-07-01 22:36:45,My hotel mirror is perfectly lined up with the toilet.,,mildlyinteresting
813,2024-07-01 22:27:07,"This old phone has a ""scramble"" button",,mildlyinteresting
814,2024-07-01 22:23:40,A kitten that a local stray had on my porch 2 years ago disappeared & returned today.,,mildlyinteresting
815,2024-07-01 22:22:52,My grapes had a raisin,,mildlyinteresting
816,2024-07-01 22:22:16,The random couple who crashed my sister's wedding left a card with $11.54 inside,,mildlyinteresting
817,2024-07-01 22:11:22,"The Producer of the show “Law & Order” (Dick Wolf) owns 3 boats named, “Illegal, PrimeTime 2, and Miss Demeanor”",,mildlyinteresting
818,2024-07-01 22:03:01,My beard oil is NOT tested on roosters,,mildlyinteresting
819,2024-07-01 21:26:56,It looks like an outreached hand in this photo I took of the sunset,,mildlyinteresting
820,2024-07-01 21:08:45,Squeezed out the very last of my conditioner and it formed a perfect 5,,mildlyinteresting
821,2024-07-01 21:01:39,How much my local hospital charges for different procedures and tests before insurance,,mildlyinteresting
822,2024-07-01 21:01:27,This thank you note included with a pack of razor blades,,mildlyinteresting
823,2024-07-01 20:58:03,A flattened musquito with my blood,,mildlyinteresting
824,2024-07-01 20:51:19,There were seven strawberries in my pack of fruit snacks,,mildlyinteresting
825,2024-07-01 20:51:15,Carrot I found in my garden has perfect legs and butt.,,mildlyinteresting
826,2024-07-01 20:42:56,My nails match my strawberry milk…,,mildlyinteresting
827,2024-07-01 20:30:29,2 x 1 Cinnamon Toast Crunch,,mildlyinteresting
828,2024-07-01 20:04:06,This cool way of advertising the Iowa city Audi dealership at a mall in Iowa ,,mildlyinteresting
829,2024-07-01 20:03:29,Suicide Hotline Number On Taxes Owed Envelope,,mildlyinteresting
830,2024-07-01 19:59:41,This weird texture that my nails acquired ,,mildlyinteresting
831,2024-07-01 19:25:17,The packaging on my flavor shot got put on backwards,,mildlyinteresting
832,2024-07-01 19:15:22,Theres letters on my hard boiled eggs.,,mildlyinteresting
833,2024-07-01 19:12:18,Incense never broke off,,mildlyinteresting
834,2024-07-01 19:08:55,My skin lost its bruise after my cat scratched it.(Marked NSFW for minimal blood),,mildlyinteresting
835,2024-07-01 19:04:54,Little masks at the end of my tub,,mildlyinteresting
836,2024-07-01 18:44:49,An advertisement at a Zaxby’s with only the eyes ripped off.,,mildlyinteresting
837,2024-07-01 18:43:57,This lockable electronic charging station at The Getty ,,mildlyinteresting
838,2024-07-01 18:41:42,A rainbow ring around the sun.,,mildlyinteresting
839,2024-07-01 18:16:33,My smirnoff ice green apple has two lables on top of each other.,,mildlyinteresting
840,2024-07-01 18:08:40,This “do not freeze” label on this container,,mildlyinteresting
841,2024-07-01 17:58:41,This pack of Uno cards has the registered trademark symbol on two of the zeros,,mildlyinteresting
842,2024-07-01 17:47:32,Bumper sticker ,,mildlyinteresting
843,2024-07-01 17:45:45,back of a Frisbee left on the curb,,mildlyinteresting
844,2024-07-01 17:41:35,A/C unit leaking water resulted in a patch of grass growing underneath it,,mildlyinteresting
845,2024-07-01 17:31:19,My pretzel has a skeleton ,,mildlyinteresting
846,2024-07-01 17:30:08,"A customer just gave me this paper from Nov 25, 1963",,mildlyinteresting
847,2024-07-01 17:06:56,Arizona iced tea is less than 99 cents at my local grocery co-op.,,mildlyinteresting
848,2024-07-01 17:00:18,The straw I got with my chocolate shake changes colors based on temperature,,mildlyinteresting
849,2024-07-01 16:50:37,Contents of a Thorlabs snack box. Came with my recent order,,mildlyinteresting
850,2024-07-01 16:36:22,These conjoined mini pretzel sticks I found in my CheezIt snack mix. ,,mildlyinteresting
851,2024-07-01 16:25:10,Ground coffee with CBD at my grocer,,mildlyinteresting
852,2024-07-01 16:04:37,This Cookie with an expiration date that doesn’t exist,,mildlyinteresting
853,2024-07-01 15:51:35,"Noticed this toy says ""Only at Walmart"" while shopping at Five Below",,mildlyinteresting
854,2024-07-01 15:29:11,Dropped some BBQ sauce and it looks like a smiley,,mildlyinteresting
855,2024-07-01 15:25:32,This Tom Sawyer board game I made in 8th grade English,,mildlyinteresting
856,2024-07-01 15:21:12,Radioactive Plate Containing Uranium Found In Grandmas Cabinet.,,mildlyinteresting
857,2024-07-01 15:20:56,These eggs have two yolks. ,,mildlyinteresting
858,2024-07-01 15:19:07,One of my skittles has no flavor coating,,mildlyinteresting
859,2024-07-01 15:18:04,The difference in the fur of my almost identical cats (spiky vs smooth),,mildlyinteresting
860,2024-07-01 15:09:55,One piece garlic,,mildlyinteresting
861,2024-07-01 15:08:42,Security protected sandwiches in Ireland,,mildlyinteresting
862,2024-07-01 14:55:21,This two tone strawberry that grew in my yard,,mildlyinteresting
863,2024-07-01 14:27:44,This sun-washed Doritos truck,,mildlyinteresting
864,2024-07-01 14:14:42,One of my potatoes looks like a frog,,mildlyinteresting
865,2024-07-01 14:09:43,Lizard bites a dragonfly,,mildlyinteresting
866,2024-07-01 13:26:41,This occupied birds nest on the Screaming Eagle zip line ride.,,mildlyinteresting
867,2024-07-01 13:22:00,House next door burned down. Melted the vinyl siding.,,mildlyinteresting
868,2024-07-01 13:12:35,The prongs on my fork at lunch.,,mildlyinteresting
869,2024-07-01 12:59:47,This license plate that looks like it says “IN BRED”,,mildlyinteresting
870,2024-07-01 12:41:02,My three ‘Giant Size’ cereal boxes are all different sizes. ,,mildlyinteresting
871,2024-07-01 12:34:45,An Asda Sausage roll (left side) takes double the time an M&S sausage roll (right side) to cook,,mildlyinteresting
872,2024-07-01 11:51:02,A dime in this warehouse has been run over so many times by trucks and forklifts it’s totally flat against the floor.,,mildlyinteresting
873,2024-07-01 11:45:11,The name of the company that provides portable toilets is ur-in-luck,,mildlyinteresting
874,2024-07-01 11:35:42,Tiny cricket I found ,,mildlyinteresting
875,2024-07-01 11:22:38,This smart rental store in my friend’s building,,mildlyinteresting
876,2024-07-01 10:06:14,"The butter on my bread before I spread it, looks like a Rapa Nui/Easter Island head.",,mildlyinteresting
877,2024-07-01 09:06:00,QR Code in work toilet,,mildlyinteresting
878,2024-07-01 08:10:43,Photo I took from the roof of Kings College Chapel Cambridge UK,,mildlyinteresting
879,2024-07-01 07:50:48,Train tracks are cleaned with grinder.,,mildlyinteresting
880,2024-07-01 07:40:00,"this gallery named house of orange, reflecting an orange sunset ",,mildlyinteresting
881,2024-07-01 07:17:44,Disneyland Ticket from the late 1970s,,mildlyinteresting
882,2024-07-01 06:45:13,Ring made a coin from the short-lived Kingdom of Yugoslavia,,mildlyinteresting
883,2024-07-01 05:49:33,The shadow from my RGB lights room,,mildlyinteresting
884,2024-07-01 05:10:05,This strawberry that's about the size of my palm,,mildlyinteresting
885,2024-07-01 04:38:25,Seasoning with the side of chip,,mildlyinteresting
886,2024-07-01 04:30:00,"$250,000 Porsche 911 GT3RS with a student driver sticker",,mildlyinteresting
887,2024-07-01 03:42:03,Found a 5 leaf clover,,mildlyinteresting
888,2024-07-01 03:29:53,Outhouse sign in the middle of the woods for a couple in evening wear ,,mildlyinteresting
889,2024-07-01 03:27:52,"My first weird grey hair (the middle is grey, but the root and tip is brown)",,mildlyinteresting
890,2024-07-01 03:06:55,Guys I found the perfect corn dog container,,mildlyinteresting
891,2024-07-01 03:00:43,This escalator that only goes 80% of the way.,,mildlyinteresting
892,2024-07-01 02:45:55,My flight didn’t have a no smoking light,,mildlyinteresting
893,2024-07-01 02:35:21,My six pack Mountain Dew zero came with one red cap,,mildlyinteresting
894,2024-07-01 02:26:28,This property with a car “breaking through” the garage. ,,mildlyinteresting
895,2024-07-01 02:08:25,My friend's uncle has a businessman cat that wears ties,,mildlyinteresting
896,2024-07-01 01:59:26,I found a blue jay with a 'J' on it's head.,,mildlyinteresting
897,2024-07-01 01:25:00,The way my Indian mother seasoned her non-stick aluminum pan,,mildlyinteresting
898,2024-07-01 01:05:41,"In korea, theres little flys printed in urinals to help you aim",,mildlyinteresting
899,2024-07-01 01:00:17,This stump that was cut down at my nearby park.,,mildlyinteresting
900,2024-07-01 00:40:39,This TV mounted in a taco restaurant bathroom. It was only in the women’s ,,mildlyinteresting
901,2024-06-30 23:50:25,Corn cob holder fell on toe,,mildlyinteresting
902,2024-06-30 23:42:21,My flight did not have a 14th row,,mildlyinteresting
903,2024-06-30 23:34:18,The shadow from the chain link fence transitions from shadow to lit,,mildlyinteresting
904,2024-06-30 23:26:06,A frankfurter that imploded in the microwave,,mildlyinteresting
905,2024-06-30 23:21:36,Whole home water filter was black,,mildlyinteresting
906,2024-06-30 23:19:32,"Grape tomato, literally",,mildlyinteresting
907,2024-06-30 23:16:12,adverse reaction to a new medication ,,mildlyinteresting
908,2024-06-30 23:14:46,My peach ring didn’t have a hole,,mildlyinteresting
909,2024-06-30 23:11:45,This can of coconut milk says it does not use monkey labor,,mildlyinteresting
910,2024-06-30 23:09:28,Left 2 bags of fertilizer soil on the side yard and they managed to grow a plant/weed without me putting anything in either,,mildlyinteresting
911,2024-06-30 22:57:01,Sun damage on an air freshener I’ve had for years,,mildlyinteresting
912,2024-06-30 22:42:31,Nicotine stains in the carpet in the bedroom directly above the garage that my partner's father smoked in for 20 years,,mildlyinteresting
913,2024-06-30 22:31:08,My cat vs our 50 pound (roughly) watermelon we found. ,,mildlyinteresting
914,2024-06-30 22:13:29,Our 100 piece puzzle came with 101 pieces,,mildlyinteresting
915,2024-06-30 22:08:42,"Someone threw away an entire car bumper, complete with license plate, in our community trash bins.",,mildlyinteresting
916,2024-06-30 22:04:01,Found a headstone in backyard,,mildlyinteresting
917,2024-06-30 21:56:59,A photo of a decoration lit by daylight and low pressure sodium light (an old street lamp specifically) showing that this sort of light is monochromatic; for objects lit with it become impossible to discern their colour.,,mildlyinteresting
918,2024-06-30 21:53:53,My change had 2 bills from the same lot,,mildlyinteresting
919,2024-06-30 21:42:37,The way these freckles formed in an arch on my upper lip,,mildlyinteresting
920,2024-06-30 21:38:32,My fortune from a fortune cookie is written in French,,mildlyinteresting
921,2024-06-30 21:28:45,A strawberry from the store,,mildlyinteresting
922,2024-06-30 21:25:38,These super tiny soap bubbles on my counter are all the same size,,mildlyinteresting
923,2024-06-30 21:19:57,Nugget found in cereal ,,mildlyinteresting
924,2024-06-30 21:12:59,The way the skin is standing symmetrically on my pinky ,,mildlyinteresting
925,2024-06-30 21:04:01,"Removed rubber bands from a stack of egg palettes and accidentally created the word ""Boo.""",,mildlyinteresting
926,2024-06-30 21:00:31,there’s a smile in my drink,,mildlyinteresting
927,2024-06-30 20:51:29,My gum collection (1 year old),,mildlyinteresting
928,2024-06-30 20:45:27,This bite mark at my gym’s fly machine,,mildlyinteresting
929,2024-06-30 20:18:53,I caught my blackberry mid color transition,,mildlyinteresting
930,2024-06-30 19:45:45,"Within 24 hrs of rose falling over, buds point towards sun",,mildlyinteresting
931,2024-06-30 19:43:45,"Knaresborough Castle, UK (03/2024)",,mildlyinteresting
932,2024-06-30 19:28:15,Mexican yellow cherries,,mildlyinteresting
933,2024-06-30 19:27:59,The threads never got cut on this screw,,mildlyinteresting
934,2024-06-30 19:19:59,"A replica of the Statue of Liberty in a casino in Lima, Peru",,mildlyinteresting
935,2024-06-30 19:18:41,This pattern matched tissue box from Walmart,,mildlyinteresting
936,2024-06-30 19:17:03,The balls on this toy,,mildlyinteresting
937,2024-06-30 19:15:28,Arborist found a dog chain in my birch,,mildlyinteresting
938,2024-06-30 19:08:03,You can see where the water pipes run through this field ,,mildlyinteresting
939,2024-06-30 19:06:46,My chicken strip looks like a gun,,mildlyinteresting
940,2024-06-30 18:47:53,Cicada head I found on my car's roof,,mildlyinteresting
941,2024-06-30 18:44:25,This birthmark scar on my wrist,,mildlyinteresting
942,2024-06-30 18:25:43,Giant Piece of Art On The Wall Of The Parking Lot Across The Street From The Regent Theater in LA                                                    ,,mildlyinteresting
943,2024-06-30 17:53:40,This gas station near me closed in 2020 but left their prices up. ,,mildlyinteresting
944,2024-06-30 17:43:13,A live sand dollar I found at the beach.,,mildlyinteresting
945,2024-06-30 17:10:00,The layers in my morning coffee,,mildlyinteresting
946,2024-06-30 17:08:50,Grocery store gift card section has a warning against people getting scammed,,mildlyinteresting
947,2024-06-30 17:01:49,Sunlight through the trees made perfect circles,,mildlyinteresting
948,2024-06-30 16:57:24,This car trash can says “care” in Morse code,,mildlyinteresting
949,2024-06-30 16:56:56,Lottery ticket wallpaper found in the basement of an estate sale house,,mildlyinteresting
950,2024-06-30 16:55:37,I lost and re-found this 6 leaf clover I put in tape as a child,,mildlyinteresting
951,2024-06-30 16:38:14,"Some cement tiles in my backyard show raindrops, others don't",,mildlyinteresting
952,2024-06-30 16:33:36,Hair embedded in my arm when I woke up,,mildlyinteresting
953,2024-06-30 16:32:44,One of my lifesavers broke in the factory and then got wrapped.,,mildlyinteresting
954,2024-06-30 16:22:54,Sun rising over Kilimanjaro and Furtwangler glacier with Meru in the background.,,mildlyinteresting
955,2024-06-30 16:15:11,Cicada and its molted shell on my house,,mildlyinteresting
956,2024-06-30 16:04:42,Missouri license plate in a table in china.,,mildlyinteresting
957,2024-06-30 15:55:44,This Siamese strawberry,,mildlyinteresting
958,2024-06-30 15:43:41,Paper lantern in wrong bag at dollar store ,,mildlyinteresting
959,2024-06-30 15:41:05,A bunch of cows outside my inn all of a sudden.,,mildlyinteresting
960,2024-06-30 15:33:17,Some Pressed Clovers My Great Great Great Aunt Made When She Was A Kid,,mildlyinteresting
961,2024-06-30 15:29:21,There is no lime in this lime flavoured drink,,mildlyinteresting
962,2024-06-30 15:16:32,A seed inside my apple started sprouting.,,mildlyinteresting
963,2024-06-30 15:16:10,Extra long piece of Cinnamon Toast Crunch ,,mildlyinteresting
964,2024-06-30 15:06:19,Apparently there is a poetry book from Donald Trump,,mildlyinteresting
965,2024-06-30 14:38:09,A box of bloomed artichokes at an Italian market,,mildlyinteresting
966,2024-06-30 14:02:28,A bill with misspelt item.,,mildlyinteresting
967,2024-06-30 13:50:15,This pizza buffet has a TV in the dining area so customers know when to get more,,mildlyinteresting
968,2024-06-30 13:36:01,This drop of water splattered almost perfectly. ,,mildlyinteresting
969,2024-06-30 13:33:51,Biggest Bell in Japan ,,mildlyinteresting
970,2024-06-30 13:30:38,Logo for the Family Federation for World Peace and Unification found across the street from my apartment appears to contain boobs,,mildlyinteresting
971,2024-06-30 13:28:13,My phone's portrait mode turned my cat's fur into grass.,,mildlyinteresting
972,2024-06-30 13:26:14,My city has recently been filling small potholes with tiles like,,mildlyinteresting
973,2024-06-30 13:24:46,Didn’t know milk jugs had punch outs inside the handle. ,,mildlyinteresting
974,2024-06-30 13:13:25,Line of clouds changing the colour of the water,,mildlyinteresting
975,2024-06-30 12:46:30,This fire sprinkler isn't red,,mildlyinteresting
976,2024-06-30 12:46:07,My soft serve came in a McDonalds gelato cup ,,mildlyinteresting
977,2024-06-30 11:54:21,river behind my house is completely black today,,mildlyinteresting
978,2024-06-30 11:50:04,Upside down rainbow above my house,,mildlyinteresting
979,2024-06-30 11:48:05,All these ingredients for a tiny slice of a cake ,,mildlyinteresting
980,2024-06-30 11:34:19,This picture was taken during a severe thunderstorm last night in Carthage Missouri.,,mildlyinteresting
981,2024-06-30 11:18:41,Exorcised this freakazoid beard hair today. Each of the three branches was made up of two to three individual hairs. Normal sized hair beside for comparison.,,mildlyinteresting
982,2024-06-30 11:14:41,There is a place in Northern Ireland called Bruslee (pronounced Bruce Lee). The main reason for going there is the dump/recycling centre,,mildlyinteresting
